sample,sdg,attack,qi,ra_mean,error,RA_capital-gain,RA_capital-loss,RA_education-num,RA_fnlwgt,RA_hours-per-week,RA_income,RA_occupation,RA_relationship,RA_workclass
0,MST_eps0.1,JointMLP,QI1,12.0,,0.0,0.0,0.0,0.0,0.0,50.2,9.5,36.1,12.2
0,CellSuppression,JointMLP,QI1,38.9889,,14.4,6.3,100.0,30.2,8.7,75.3,27.5,69.7,18.8
0,Synthpop,JointMLP,QI1,30.4111,,1.5,1.6,100.0,1.7,1.6,72.4,17.5,62.5,14.9
0,RankSwap,JointMLP,QI1,23.3889,,1.0,1.4,38.4,0.0,1.6,70.8,19.4,62.8,15.1
0,MST_eps10,JointMLP,QI1,15.8667,,0.0,0.0,0.0,0.0,0.0,59.1,15.9,55.3,12.5
0,MST_eps100,JointMLP,QI1,14.9111,,0.0,0.0,0.0,0.0,0.0,53.9,15.1,52.7,12.5
0,MST_eps1000,JointMLP,QI1,15.6333,,0.0,0.0,0.0,0.0,0.0,53.8,15.8,58.5,12.6
0,TVAE,JointMLP,QI1,26.2111,,0.7,1.4,72.2,0.0,1.3,68.5,16.1,60.7,15.0
0,CTGAN,JointMLP,QI1,23.9667,,0.7,1.1,53.6,0.0,2.1,73.6,14.1,54.8,15.7
0,MST_eps1,JointMLP,QI1,14.7111,,0.0,0.0,0.0,0.0,0.0,51.9,14.0,53.9,12.6
0,AIM_eps1,JointMLP,QI1,24.2222,,1.0,1.4,57.0,0.0,1.2,72.8,15.2,56.8,12.6
0,TabDDPM,JointMLP,QI1,33.4111,,2.0,4.8,97.4,0.7,8.1,72.7,25.6,68.8,20.6
1,RankSwap,JointMLP,QI1,23.6111,,1.0,1.3,37.1,0.0,1.6,74.1,18.3,63.8,15.3
0,ARF,JointMLP,QI1,22.1111,,1.0,1.4,49.0,0.0,1.1,67.1,12.0,53.5,13.9
1,Synthpop,JointMLP,QI1,29.9222,,1.4,1.3,99.6,1.6,1.8,70.1,16.4,63.6,13.5
1,CellSuppression,JointMLP,QI1,40.0778,,12.2,14.4,99.6,29.4,11.0,77.6,26.5,69.3,20.7
1,MST_eps0.1,JointMLP,QI1,13.5,,0.0,0.0,0.0,0.0,0.0,66.5,7.2,35.4,12.4
1,MST_eps1,JointMLP,QI1,17.1667,,0.0,0.0,0.0,0.0,0.0,69.5,13.1,59.4,12.5
1,MST_eps100,JointMLP,QI1,17.0111,,0.0,0.0,0.0,0.0,0.0,66.5,14.1,60.0,12.5
1,MST_eps10,JointMLP,QI1,16.0556,,0.0,0.0,0.0,0.0,0.0,56.9,14.8,60.2,12.6
1,MST_eps1000,JointMLP,QI1,14.9222,,0.0,0.0,0.0,0.0,0.0,51.6,13.6,56.6,12.5
1,AIM_eps1,JointMLP,QI1,23.5889,,1.1,1.3,60.8,0.0,1.3,68.0,14.6,52.7,12.5
1,TVAE,JointMLP,QI1,25.8,,0.9,1.2,73.3,0.0,1.6,65.7,15.4,61.2,12.9
1,CTGAN,JointMLP,QI1,23.8667,,1.1,1.1,53.7,0.0,1.2,74.6,11.8,56.6,14.7
1,ARF,JointMLP,QI1,22.4111,,0.9,1.2,52.0,0.0,1.6,65.7,10.3,56.4,13.6
1,TabDDPM,JointMLP,QI1,34.2111,,5.0,8.7,94.8,0.9,7.1,76.1,26.4,67.5,21.4
2,RankSwap,JointMLP,QI1,23.3,,0.9,1.4,40.7,0.0,1.9,70.7,18.6,61.6,13.9
2,Synthpop,JointMLP,QI1,30.1333,,1.1,1.4,99.6,1.8,1.9,72.9,17.2,61.7,13.6
2,CellSuppression,JointMLP,QI1,38.9222,,12.8,9.1,100.0,29.5,6.9,76.9,27.6,68.1,19.4
2,MST_eps0.1,JointMLP,QI1,15.5,,0.0,0.0,0.0,0.0,0.0,66.5,8.8,53.1,11.1
2,MST_eps1,JointMLP,QI1,14.9,,0.0,0.0,0.0,0.0,0.0,54.5,14.4,53.8,11.4
2,MST_eps10,JointMLP,QI1,14.8778,,0.0,0.0,0.0,0.0,0.0,53.5,15.1,53.6,11.7
2,MST_eps100,JointMLP,QI1,14.8444,,0.0,0.0,0.0,0.0,0.0,53.8,15.1,53.6,11.1
2,MST_eps1000,JointMLP,QI1,14.9111,,0.0,0.0,0.0,0.0,0.0,52.6,15.2,55.2,11.2
2,AIM_eps1,JointMLP,QI1,23.9222,,1.0,1.4,58.4,0.0,1.3,72.5,14.5,55.0,11.2
2,TVAE,JointMLP,QI1,25.9778,,0.8,1.3,78.1,0.0,1.7,64.2,14.9,60.2,12.6
2,CTGAN,JointMLP,QI1,23.4889,,0.8,0.7,54.8,0.0,1.3,73.0,12.9,54.0,13.9
2,TabDDPM,JointMLP,QI1,32.7111,,4.5,5.4,93.6,0.7,5.9,73.0,25.0,67.7,18.6
2,ARF,JointMLP,QI1,22.6778,,0.9,1.3,51.4,0.0,1.3,63.5,17.9,56.0,11.8
3,RankSwap,JointMLP,QI1,23.5333,,1.0,1.5,39.2,0.0,1.9,72.6,19.6,62.0,14.0
3,CellSuppression,JointMLP,QI1,39.0444,,13.0,8.9,100.0,30.1,7.1,75.2,28.5,68.7,19.9
3,MST_eps0.1,JointMLP,QI1,13.7778,,0.0,0.0,0.0,0.0,0.0,57.4,8.4,47.1,11.1
3,Synthpop,JointMLP,QI1,29.9222,,1.4,1.5,100.0,1.6,1.9,68.7,18.6,62.7,12.9
3,MST_eps1,JointMLP,QI1,16.0556,,0.0,0.0,0.0,0.0,0.0,61.2,13.1,59.1,11.1
3,MST_eps10,JointMLP,QI1,16.1,,0.0,0.0,0.0,0.0,0.0,57.7,15.7,60.4,11.1
3,MST_eps100,JointMLP,QI1,15.7667,,0.0,0.0,0.0,0.0,0.0,58.0,16.2,56.5,11.2
3,MST_eps1000,JointMLP,QI1,16.2333,,0.0,0.0,0.0,0.0,0.0,64.1,15.3,55.6,11.1
3,AIM_eps1,JointMLP,QI1,23.8222,,1.0,1.5,55.7,0.0,1.3,73.3,14.8,55.5,11.3
3,TVAE,JointMLP,QI1,26.5889,,0.8,1.4,76.6,0.0,1.5,71.2,15.8,60.0,12.0
3,CTGAN,JointMLP,QI1,22.7444,,0.5,0.7,47.0,0.0,1.6,73.1,13.6,54.2,14.0
3,ARF,JointMLP,QI1,22.0333,,0.9,1.5,50.0,0.0,1.8,64.1,11.9,56.3,11.8
3,TabDDPM,JointMLP,QI1,33.4889,,7.0,7.3,95.9,0.6,7.6,70.5,26.1,68.7,17.7
4,RankSwap,JointMLP,QI1,23.2778,,1.0,1.5,36.2,0.0,2.1,71.4,19.2,64.3,13.8
4,CellSuppression,JointMLP,QI1,39.1,,14.5,8.8,100.0,30.1,8.5,73.0,28.0,70.3,18.7
4,MST_eps0.1,JointMLP,QI1,13.7889,,0.0,0.0,0.0,0.0,0.0,54.9,10.5,47.6,11.1
4,Synthpop,JointMLP,QI1,30.3556,,1.2,1.5,99.7,1.8,1.8,74.0,17.7,61.9,13.6
4,MST_eps1,JointMLP,QI1,15.5556,,0.0,0.0,0.0,0.0,0.0,56.8,12.7,59.4,11.1
4,MST_eps10,JointMLP,QI1,15.1222,,0.0,0.0,0.0,0.0,0.0,53.9,15.1,56.0,11.1
4,MST_eps100,JointMLP,QI1,16.3,,0.0,0.0,0.0,0.0,0.0,63.4,15.2,57.0,11.1
4,MST_eps1000,JointMLP,QI1,15.2556,,0.0,0.0,0.0,0.0,0.0,53.6,14.5,58.1,11.1
4,AIM_eps1,JointMLP,QI1,23.5556,,1.0,1.5,56.2,0.0,1.4,67.9,14.9,57.8,11.3
4,TVAE,JointMLP,QI1,27.4444,,0.6,1.3,84.9,0.0,1.3,66.5,15.9,63.7,12.8
4,CTGAN,JointMLP,QI1,23.4444,,0.9,1.1,52.5,0.0,1.3,71.7,14.2,54.8,14.5
4,ARF,JointMLP,QI1,22.2111,,0.9,1.5,45.7,0.0,2.1,66.1,13.1,58.2,12.3
4,TabDDPM,JointMLP,QI1,33.9111,,5.1,6.7,96.6,0.7,7.3,75.2,26.6,68.5,18.5
