dataset,size,sample,sdg,attack,label,qi,ra_mean,error,RA_capital-gain,RA_capital-loss,RA_education-num,RA_fnlwgt,RA_hours-per-week,RA_income,RA_occupation,RA_relationship,RA_workclass
adult,10000,0,MST_eps100,MarginalRF,MarginalRF_QIGraph_EntropyBP,QI1,19.6333,,0.0,0.0,31.2,0.0,1.4,56.9,16.0,57.5,13.7
adult,10000,0,MST_eps100,MarginalRF,MarginalRF_QIGraph_AllQI,QI1,19.8889,,0.0,0.0,31.2,0.0,1.5,58.6,16.4,57.7,13.6
adult,10000,0,CellSuppression,MarginalRF,MarginalRF_QIGraph_EntropyBP,QI1,53.1111,,38.8,28.8,99.6,34.7,31.1,80.5,42.7,77.1,44.7
adult,10000,0,CellSuppression,MarginalRF,MarginalRF_QIGraph_AllQI,QI1,53.2667,,42.1,26.2,99.6,34.7,31.0,80.2,43.8,77.0,44.8
adult,10000,0,CellSuppression,MarginalRF,MarginalRF_QIGraph_EntropyBP_AllQI,QI1,53.1889,,39.2,28.8,99.4,34.7,31.6,80.0,43.4,77.0,44.6
adult,10000,0,RankSwap,MarginalRF,MarginalRF_QIGraph_EntropyBP,QI1,26.9111,,1.1,1.4,41.7,0.0,2.4,73.7,28.4,69.3,24.2
adult,10000,0,RankSwap,MarginalRF,MarginalRF_QIGraph_EntropyBP_AllQI,QI1,26.9667,,1.0,1.4,41.4,0.0,2.3,73.7,28.8,69.5,24.6
adult,10000,0,RankSwap,MarginalRF,MarginalRF_QIGraph_AllQI,QI1,26.8556,,1.0,1.4,42.0,0.0,2.3,73.5,28.4,69.1,24.0
adult,10000,0,MST_eps100,MarginalRF,MarginalRF_QIGraph_EntropyBP_AllQI,QI1,19.2778,,0.0,0.0,31.2,0.0,1.4,53.9,16.0,57.6,13.4
adult,10000,0,MST_eps1000,MarginalRF,MarginalRF_QIGraph_EntropyBP,QI1,19.8333,,0.0,0.0,31.2,0.0,1.3,59.2,15.9,57.8,13.1
adult,10000,0,MST_eps1000,MarginalRF,MarginalRF_QIGraph_AllQI,QI1,19.8556,,0.0,0.0,31.2,0.0,1.3,59.0,15.7,58.6,12.9
adult,10000,0,MST_eps1000,MarginalRF,MarginalRF_QIGraph_EntropyBP_AllQI,QI1,19.8556,,0.0,0.0,31.2,0.0,1.4,58.9,15.9,58.4,12.9
adult,10000,0,AIM_eps1,MarginalRF,MarginalRF_QIGraph_EntropyBP,QI1,22.3222,,1.0,1.4,56.8,0.0,1.3,53.4,15.7,57.5,13.8
adult,10000,0,AIM_eps1,MarginalRF,MarginalRF_QIGraph_AllQI,QI1,21.3,,1.0,1.4,56.8,0.0,1.3,44.4,16.0,56.6,14.2
adult,10000,0,AIM_eps1,MarginalRF,MarginalRF_QIGraph_EntropyBP_AllQI,QI1,22.0333,,1.0,1.4,58.4,0.0,1.2,49.1,15.7,57.7,13.8
adult,10000,0,CTGAN,MarginalRF,MarginalRF_QIGraph_EntropyBP,QI1,25.2667,,0.7,1.2,61.9,0.0,1.1,74.2,14.2,58.6,15.5
adult,10000,0,CTGAN,MarginalRF,MarginalRF_QIGraph_AllQI,QI1,25.5444,,0.7,1.2,63.4,0.0,1.1,74.1,14.1,59.3,16.0
adult,10000,1,RankSwap,MarginalRF,MarginalRF_QIGraph_EntropyBP,QI1,26.9667,,1.2,1.3,40.3,0.0,2.1,75.6,28.6,68.7,24.9
adult,10000,0,CTGAN,MarginalRF,MarginalRF_QIGraph_EntropyBP_AllQI,QI1,25.4,,0.7,1.2,61.9,0.0,1.3,74.4,14.4,59.1,15.6
adult,10000,0,ARF,MarginalRF,MarginalRF_QIGraph_EntropyBP,QI1,23.7667,,1.0,1.4,55.6,0.0,1.9,69.8,10.7,59.2,14.3
adult,10000,0,ARF,MarginalRF,MarginalRF_QIGraph_AllQI,QI1,23.2444,,1.0,1.4,53.7,0.0,1.3,68.1,10.3,58.9,14.5
adult,10000,0,ARF,MarginalRF,MarginalRF_QIGraph_EntropyBP_AllQI,QI1,23.2333,,1.0,1.4,52.8,0.0,1.4,68.7,10.5,58.7,14.6
adult,10000,1,MST_eps100,MarginalRF,MarginalRF_QIGraph_EntropyBP,QI1,19.6333,,0.0,0.0,31.2,0.0,1.4,55.8,14.7,60.6,13.0
adult,10000,1,RankSwap,MarginalRF,MarginalRF_QIGraph_AllQI,QI1,27.0333,,1.2,1.3,40.3,0.0,2.0,75.6,29.5,68.8,24.6
adult,10000,1,MST_eps100,MarginalRF,MarginalRF_QIGraph_AllQI,QI1,19.5778,,0.0,0.0,31.2,0.0,1.4,55.8,14.5,60.2,13.1
adult,10000,1,CellSuppression,MarginalRF,MarginalRF_QIGraph_EntropyBP,QI1,53.3778,,31.6,37.5,99.7,34.5,34.5,81.4,45.3,76.4,39.5
adult,10000,1,RankSwap,MarginalRF,MarginalRF_QIGraph_EntropyBP_AllQI,QI1,26.9556,,1.2,1.3,40.3,0.0,2.1,74.7,29.2,68.6,25.2
adult,10000,1,CellSuppression,MarginalRF,MarginalRF_QIGraph_AllQI,QI1,52.8111,,29.3,37.5,99.8,34.5,33.4,80.9,44.7,75.7,39.5
adult,10000,1,CellSuppression,MarginalRF,MarginalRF_QIGraph_EntropyBP_AllQI,QI1,52.9111,,31.5,38.1,99.2,34.4,31.7,81.7,44.9,76.0,38.7
adult,10000,1,MST_eps100,MarginalRF,MarginalRF_QIGraph_EntropyBP_AllQI,QI1,19.5667,,0.0,0.0,31.2,0.0,1.4,55.8,14.6,60.1,13.0
adult,10000,1,MST_eps1000,MarginalRF,MarginalRF_QIGraph_EntropyBP,QI1,20.6,,0.0,0.0,31.2,0.0,1.1,67.3,14.4,58.9,12.5
adult,10000,1,MST_eps1000,MarginalRF,MarginalRF_QIGraph_AllQI,QI1,20.5778,,0.0,0.0,31.2,0.0,1.2,65.7,14.1,60.0,13.0
adult,10000,1,MST_eps1000,MarginalRF,MarginalRF_QIGraph_EntropyBP_AllQI,QI1,20.3222,,0.0,0.0,31.2,0.0,1.2,65.2,13.8,59.1,12.4
adult,10000,1,AIM_eps1,MarginalRF,MarginalRF_QIGraph_AllQI,QI1,22.5444,,0.9,1.3,60.5,0.0,1.6,59.5,13.4,52.3,13.4
adult,10000,1,AIM_eps1,MarginalRF,MarginalRF_QIGraph_EntropyBP,QI1,22.5111,,1.1,1.3,59.9,0.0,1.3,59.9,13.6,52.4,13.1
adult,10000,1,AIM_eps1,MarginalRF,MarginalRF_QIGraph_EntropyBP_AllQI,QI1,22.1,,1.0,1.3,60.4,0.0,1.3,55.9,13.3,52.4,13.3
adult,10000,1,CTGAN,MarginalRF,MarginalRF_QIGraph_EntropyBP,QI1,25.1444,,0.9,1.1,64.0,0.0,1.4,74.7,12.3,56.2,15.7
adult,10000,1,CTGAN,MarginalRF,MarginalRF_QIGraph_AllQI,QI1,24.7333,,0.9,1.1,57.6,0.0,1.4,75.5,12.2,58.1,15.8
adult,10000,1,CTGAN,MarginalRF,MarginalRF_QIGraph_EntropyBP_AllQI,QI1,24.6111,,0.9,1.1,58.3,0.0,1.4,74.8,12.3,57.2,15.5
adult,10000,1,ARF,MarginalRF,MarginalRF_QIGraph_EntropyBP,QI1,23.9222,,1.0,1.2,57.0,0.0,1.6,71.2,9.4,59.6,14.3
adult,10000,2,RankSwap,MarginalRF,MarginalRF_QIGraph_EntropyBP,QI1,26.2556,,1.0,1.4,41.7,0.0,2.7,72.6,27.5,67.4,22.0
adult,10000,1,ARF,MarginalRF,MarginalRF_QIGraph_EntropyBP_AllQI,QI1,23.6222,,1.0,1.2,56.4,0.0,1.7,68.7,9.1,59.3,15.2
adult,10000,1,ARF,MarginalRF,MarginalRF_QIGraph_AllQI,QI1,23.5444,,1.0,1.2,55.7,0.0,1.6,68.5,8.8,59.2,15.9
adult,10000,2,RankSwap,MarginalRF,MarginalRF_QIGraph_AllQI,QI1,26.2222,,1.0,1.4,41.8,0.0,2.7,72.5,27.3,67.2,22.1
adult,10000,2,CellSuppression,MarginalRF,MarginalRF_QIGraph_EntropyBP,QI1,52.0778,,39.2,26.9,99.9,34.3,23.7,79.5,42.5,76.2,46.5
adult,10000,2,RankSwap,MarginalRF,MarginalRF_QIGraph_EntropyBP_AllQI,QI1,26.2222,,1.0,1.4,41.4,0.0,2.7,72.6,27.5,67.5,21.9
adult,10000,2,MST_eps100,MarginalRF,MarginalRF_QIGraph_AllQI,QI1,20.2778,,0.0,0.0,31.3,0.0,1.2,64.9,15.1,58.4,11.6
adult,10000,2,MST_eps100,MarginalRF,MarginalRF_QIGraph_EntropyBP,QI1,19.7,,0.0,0.0,31.3,0.0,1.1,58.8,15.6,58.9,11.6
adult,10000,2,CellSuppression,MarginalRF,MarginalRF_QIGraph_EntropyBP_AllQI,QI1,52.0667,,37.0,28.4,99.9,34.4,23.8,79.3,42.8,76.6,46.4
adult,10000,2,CellSuppression,MarginalRF,MarginalRF_QIGraph_AllQI,QI1,52.6333,,40.3,28.8,100.0,34.5,25.2,78.9,42.8,76.5,46.7
adult,10000,2,MST_eps100,MarginalRF,MarginalRF_QIGraph_EntropyBP_AllQI,QI1,20.3556,,0.0,0.0,31.3,0.0,1.1,64.0,15.3,60.2,11.3
adult,10000,2,MST_eps1000,MarginalRF,MarginalRF_QIGraph_EntropyBP,QI1,20.0,,0.0,0.0,31.3,0.0,1.1,64.0,16.4,55.4,11.8
adult,10000,2,MST_eps1000,MarginalRF,MarginalRF_QIGraph_AllQI,QI1,20.0444,,0.0,0.0,31.3,0.0,1.1,64.7,16.5,55.1,11.7
adult,10000,2,AIM_eps1,MarginalRF,MarginalRF_QIGraph_EntropyBP,QI1,23.4889,,1.0,1.4,56.9,0.0,1.2,66.5,13.2,59.2,12.0
adult,10000,2,AIM_eps1,MarginalRF,MarginalRF_QIGraph_AllQI,QI1,23.6667,,0.9,1.4,56.8,0.0,1.2,68.3,12.7,59.5,12.2
adult,10000,2,MST_eps1000,MarginalRF,MarginalRF_QIGraph_EntropyBP_AllQI,QI1,19.6889,,0.0,0.0,31.3,0.0,1.1,59.9,16.2,57.0,11.7
adult,10000,2,AIM_eps1,MarginalRF,MarginalRF_QIGraph_EntropyBP_AllQI,QI1,23.5889,,1.0,1.4,57.6,0.0,1.2,66.7,13.3,59.2,11.9
adult,10000,2,CTGAN,MarginalRF,MarginalRF_QIGraph_EntropyBP,QI1,24.6667,,0.7,0.7,62.6,0.0,1.3,71.8,13.1,57.4,14.4
adult,10000,2,CTGAN,MarginalRF,MarginalRF_QIGraph_AllQI,QI1,24.6778,,0.7,0.8,63.0,0.0,1.4,72.1,13.2,56.7,14.2
adult,10000,2,CTGAN,MarginalRF,MarginalRF_QIGraph_EntropyBP_AllQI,QI1,24.6,,0.7,0.7,64.1,0.0,1.3,71.3,13.0,56.0,14.3
adult,10000,3,RankSwap,MarginalRF,MarginalRF_QIGraph_EntropyBP,QI1,27.0,,1.0,1.5,40.6,0.0,2.6,73.4,30.9,69.5,23.5
adult,10000,2,ARF,MarginalRF,MarginalRF_QIGraph_EntropyBP,QI1,24.3667,,0.9,1.3,57.2,0.0,1.9,67.6,17.3,60.4,12.7
adult,10000,2,ARF,MarginalRF,MarginalRF_QIGraph_AllQI,QI1,23.0,,0.9,1.3,53.7,0.0,1.6,65.3,10.5,60.7,13.0
adult,10000,2,ARF,MarginalRF,MarginalRF_QIGraph_EntropyBP_AllQI,QI1,22.9111,,0.9,1.3,53.6,0.0,1.8,65.5,10.6,59.7,12.8
adult,10000,3,RankSwap,MarginalRF,MarginalRF_QIGraph_AllQI,QI1,27.1222,,1.0,1.5,42.1,0.0,2.5,73.4,30.6,69.6,23.4
adult,10000,3,RankSwap,MarginalRF,MarginalRF_QIGraph_EntropyBP_AllQI,QI1,27.1222,,1.0,1.5,41.6,0.0,2.6,73.7,30.7,69.5,23.5
adult,10000,3,MST_eps100,MarginalRF,MarginalRF_QIGraph_EntropyBP,QI1,19.8,,0.0,0.0,31.2,0.0,1.5,56.7,16.4,60.2,12.2
adult,10000,3,MST_eps100,MarginalRF,MarginalRF_QIGraph_AllQI,QI1,19.8,,0.0,0.0,31.2,0.0,1.3,58.8,16.1,58.8,12.0
adult,10000,3,CellSuppression,MarginalRF,MarginalRF_QIGraph_EntropyBP,QI1,53.8222,,39.9,27.1,99.9,34.9,34.4,79.7,45.1,76.3,47.1
adult,10000,3,CellSuppression,MarginalRF,MarginalRF_QIGraph_AllQI,QI1,53.7111,,39.3,30.4,99.8,34.8,32.3,80.1,45.7,76.1,44.9
adult,10000,3,CellSuppression,MarginalRF,MarginalRF_QIGraph_EntropyBP_AllQI,QI1,53.4889,,38.1,28.4,99.6,35.0,33.6,79.8,45.7,76.4,44.8
adult,10000,3,MST_eps100,MarginalRF,MarginalRF_QIGraph_EntropyBP_AllQI,QI1,19.5556,,0.0,0.0,31.2,0.0,1.3,57.8,16.4,57.5,11.8
adult,10000,3,MST_eps1000,MarginalRF,MarginalRF_QIGraph_EntropyBP,QI1,20.7444,,0.0,0.0,31.2,0.0,1.6,67.4,14.4,60.5,11.6
adult,10000,3,MST_eps1000,MarginalRF,MarginalRF_QIGraph_AllQI,QI1,21.1778,,0.0,0.0,31.2,0.0,1.1,70.3,15.0,61.4,11.6
adult,10000,3,MST_eps1000,MarginalRF,MarginalRF_QIGraph_EntropyBP_AllQI,QI1,21.0778,,0.0,0.0,31.2,0.0,1.1,70.7,14.9,60.3,11.5
adult,10000,3,AIM_eps1,MarginalRF,MarginalRF_QIGraph_EntropyBP,QI1,19.3444,,1.0,1.5,55.6,0.0,1.2,37.6,12.4,52.6,12.2
adult,10000,3,AIM_eps1,MarginalRF,MarginalRF_QIGraph_AllQI,QI1,19.4889,,0.9,1.5,54.0,0.0,1.2,40.4,13.2,52.1,12.1
adult,10000,3,AIM_eps1,MarginalRF,MarginalRF_QIGraph_EntropyBP_AllQI,QI1,19.2778,,1.0,1.5,53.9,0.0,1.2,39.0,12.5,52.2,12.2
adult,10000,3,CTGAN,MarginalRF,MarginalRF_QIGraph_EntropyBP,QI1,24.2444,,0.6,0.6,55.7,0.0,1.5,73.5,14.2,58.0,14.1
adult,10000,3,CTGAN,MarginalRF,MarginalRF_QIGraph_AllQI,QI1,24.3222,,0.6,0.6,56.3,0.0,1.5,73.4,14.2,57.6,14.7
adult,10000,3,CTGAN,MarginalRF,MarginalRF_QIGraph_EntropyBP_AllQI,QI1,24.1222,,0.6,0.6,54.9,0.0,1.5,73.8,13.7,57.8,14.2
adult,10000,3,ARF,MarginalRF,MarginalRF_QIGraph_EntropyBP,QI1,23.4778,,1.0,1.5,54.3,0.0,1.7,68.8,11.6,59.5,12.9
adult,10000,4,RankSwap,MarginalRF,MarginalRF_QIGraph_EntropyBP,QI1,26.2778,,1.0,1.5,38.2,0.0,3.0,73.4,28.5,68.0,22.9
adult,10000,3,ARF,MarginalRF,MarginalRF_QIGraph_AllQI,QI1,23.3111,,1.0,1.5,55.2,0.0,1.7,66.8,10.5,59.6,13.5
adult,10000,3,ARF,MarginalRF,MarginalRF_QIGraph_EntropyBP_AllQI,QI1,23.0778,,1.0,1.5,54.5,0.0,1.7,66.6,10.3,59.3,12.8
adult,10000,4,MST_eps100,MarginalRF,MarginalRF_QIGraph_EntropyBP,QI1,20.8778,,0.0,0.0,31.3,0.0,1.5,67.1,15.4,60.7,11.9
adult,10000,4,RankSwap,MarginalRF,MarginalRF_QIGraph_AllQI,QI1,26.2778,,1.0,1.5,39.2,0.0,3.0,72.9,28.2,67.9,22.8
adult,10000,4,CellSuppression,MarginalRF,MarginalRF_QIGraph_EntropyBP,QI1,53.1556,,36.0,34.5,99.2,35.2,31.3,80.1,45.4,76.8,39.9
adult,10000,4,RankSwap,MarginalRF,MarginalRF_QIGraph_EntropyBP_AllQI,QI1,26.3111,,1.0,1.5,38.6,0.0,3.0,72.6,28.5,68.5,23.1
adult,10000,4,MST_eps100,MarginalRF,MarginalRF_QIGraph_AllQI,QI1,21.0333,,0.0,0.0,31.3,0.0,1.3,71.4,15.2,58.1,12.0
adult,10000,4,CellSuppression,MarginalRF,MarginalRF_QIGraph_AllQI,QI1,53.2444,,34.3,36.5,99.8,35.2,30.0,80.6,45.5,76.7,40.6
adult,10000,4,CellSuppression,MarginalRF,MarginalRF_QIGraph_EntropyBP_AllQI,QI1,53.3333,,37.7,34.9,99.2,35.2,30.4,80.1,46.1,76.6,39.8
adult,10000,4,MST_eps100,MarginalRF,MarginalRF_QIGraph_EntropyBP_AllQI,QI1,21.4,,0.0,0.0,31.3,0.0,1.4,71.8,15.3,60.9,11.9
adult,10000,4,MST_eps1000,MarginalRF,MarginalRF_QIGraph_EntropyBP,QI1,20.8667,,0.0,0.0,31.3,0.0,1.3,66.8,16.0,59.4,13.0
adult,10000,4,MST_eps1000,MarginalRF,MarginalRF_QIGraph_AllQI,QI1,19.9667,,0.0,0.0,31.3,0.0,1.3,60.1,16.0,59.0,12.0
adult,10000,4,MST_eps1000,MarginalRF,MarginalRF_QIGraph_EntropyBP_AllQI,QI1,20.2778,,0.0,0.0,31.3,0.0,1.3,61.1,16.2,59.7,12.9
adult,10000,4,AIM_eps1,MarginalRF,MarginalRF_QIGraph_EntropyBP,QI1,24.1667,,1.0,1.5,55.6,0.0,1.5,75.9,14.2,55.0,12.8
adult,10000,4,AIM_eps1,MarginalRF,MarginalRF_QIGraph_AllQI,QI1,23.7444,,0.9,1.5,55.8,0.0,0.9,75.0,14.1,54.2,11.3
adult,10000,4,AIM_eps1,MarginalRF,MarginalRF_QIGraph_EntropyBP_AllQI,QI1,23.5,,1.0,1.5,54.0,0.0,1.0,75.6,12.8,54.2,11.4
adult,10000,4,CTGAN,MarginalRF,MarginalRF_QIGraph_EntropyBP,QI1,25.0889,,0.9,1.0,64.1,0.0,1.3,70.9,14.4,58.3,14.9
adult,10000,4,CTGAN,MarginalRF,MarginalRF_QIGraph_AllQI,QI1,25.2,,0.9,1.1,65.7,0.0,1.2,70.6,14.2,58.2,14.9
adult,10000,4,CTGAN,MarginalRF,MarginalRF_QIGraph_EntropyBP_AllQI,QI1,25.2,,0.9,1.0,65.1,0.0,1.4,70.8,14.5,58.7,14.4
adult,10000,4,ARF,MarginalRF,MarginalRF_QIGraph_EntropyBP,QI1,23.4444,,0.9,1.4,52.0,0.0,1.0,69.8,12.9,60.2,12.8
adult,10000,4,ARF,MarginalRF,MarginalRF_QIGraph_AllQI,QI1,22.9667,,0.9,1.4,51.7,0.0,1.2,67.9,10.2,60.0,13.4
adult,10000,4,ARF,MarginalRF,MarginalRF_QIGraph_EntropyBP_AllQI,QI1,22.8,,0.9,1.4,51.3,0.0,1.2,67.4,10.2,59.6,13.2
