sdg,attack,feature,outlier_mean,non_outlier_mean,diff
CellSuppression,Mode,workclass,0.705,0.7057777777777777,-0.0007777777777777661
CellSuppression,Mode,fnlwgt,0.001,0.0006666666666666666,0.0003333333333333334
CellSuppression,Mode,education-num,0.134,0.34244444444444444,-0.20844444444444443
CellSuppression,Mode,occupation,0.097,0.13366666666666666,-0.03666666666666665
CellSuppression,Mode,relationship,0.191,0.4351111111111111,-0.2441111111111111
CellSuppression,Mode,capital-gain,0.933,0.9167777777777778,0.01622222222222225
CellSuppression,Mode,capital-loss,0.951,0.9517777777777777,-0.0007777777777777661
CellSuppression,Mode,hours-per-week,0.495,0.457,0.03799999999999998
CellSuppression,Mode,income,0.862,0.7397777777777778,0.12222222222222223
CellSuppression,KNN,workclass,0.855,0.6847777777777778,0.17022222222222216
CellSuppression,KNN,fnlwgt,0.672,0.3068888888888889,0.36511111111111116
CellSuppression,KNN,education-num,0.846,0.9947777777777778,-0.1487777777777778
CellSuppression,KNN,occupation,0.741,0.43855555555555553,0.30244444444444446
CellSuppression,KNN,relationship,0.826,0.8333333333333334,-0.007333333333333414
CellSuppression,KNN,capital-gain,0.963,0.8868888888888888,0.07611111111111113
CellSuppression,KNN,capital-loss,0.981,0.9291111111111111,0.05188888888888887
CellSuppression,KNN,hours-per-week,0.781,0.4666666666666667,0.31433333333333335
CellSuppression,KNN,income,0.946,0.8293333333333334,0.11666666666666659
CellSuppression,NaiveBayes,workclass,0.46,0.5378888888888889,-0.07788888888888884
CellSuppression,NaiveBayes,fnlwgt,0.632,0.28733333333333333,0.3446666666666667
CellSuppression,NaiveBayes,education-num,0.986,1.0,-0.014000000000000012
CellSuppression,NaiveBayes,occupation,0.204,0.08888888888888889,0.1151111111111111
CellSuppression,NaiveBayes,relationship,0.469,0.7504444444444445,-0.2814444444444445
CellSuppression,NaiveBayes,capital-gain,0.122,0.008444444444444444,0.11355555555555555
CellSuppression,NaiveBayes,capital-loss,0.072,0.009777777777777778,0.06222222222222222
CellSuppression,NaiveBayes,hours-per-week,0.068,0.004111111111111111,0.0638888888888889
CellSuppression,NaiveBayes,income,0.873,0.762,0.11099999999999999
CellSuppression,RandomForest,workclass,0.874,0.773,0.10099999999999998
CellSuppression,RandomForest,fnlwgt,0.672,0.311,0.36100000000000004
CellSuppression,RandomForest,education-num,0.939,0.9987777777777778,-0.05977777777777782
CellSuppression,RandomForest,occupation,0.754,0.5024444444444445,0.25155555555555553
CellSuppression,RandomForest,relationship,0.871,0.8661111111111112,0.0048888888888888316
CellSuppression,RandomForest,capital-gain,0.973,0.9285555555555556,0.0444444444444444
CellSuppression,RandomForest,capital-loss,0.982,0.959,0.02300000000000002
CellSuppression,RandomForest,hours-per-week,0.82,0.5727777777777778,0.24722222222222212
CellSuppression,RandomForest,income,0.965,0.8606666666666667,0.10433333333333328
CellSuppression,CoBP-RA_graphQI_entropyBP,workclass,0.841,0.7515555555555555,0.08944444444444444
CellSuppression,CoBP-RA_graphQI_entropyBP,fnlwgt,0.672,0.3111111111111111,0.3608888888888889
CellSuppression,CoBP-RA_graphQI_entropyBP,education-num,0.997,1.0,-0.0030000000000000027
CellSuppression,CoBP-RA_graphQI_entropyBP,occupation,0.681,0.4746666666666667,0.20633333333333337
CellSuppression,CoBP-RA_graphQI_entropyBP,relationship,0.827,0.8503333333333334,-0.023333333333333428
CellSuppression,CoBP-RA_graphQI_entropyBP,capital-gain,0.97,0.9285555555555556,0.041444444444444395
CellSuppression,CoBP-RA_graphQI_entropyBP,capital-loss,0.983,0.9592222222222222,0.023777777777777787
CellSuppression,CoBP-RA_graphQI_entropyBP,hours-per-week,0.818,0.5724444444444444,0.24555555555555553
CellSuppression,CoBP-RA_graphQI_entropyBP,income,0.949,0.8555555555555555,0.09344444444444444
CellSuppression,MLP,workclass,0.736,0.7144444444444444,0.02155555555555555
CellSuppression,MLP,fnlwgt,0.001,0.001,0.0
CellSuppression,MLP,education-num,1.0,1.0,0.0
CellSuppression,MLP,occupation,0.484,0.358,0.126
CellSuppression,MLP,relationship,0.726,0.8093333333333333,-0.08333333333333337
CellSuppression,MLP,capital-gain,0.951,0.918,0.03299999999999992
CellSuppression,MLP,capital-loss,0.958,0.9526666666666667,0.005333333333333301
CellSuppression,MLP,hours-per-week,0.598,0.4716666666666667,0.1263333333333333
CellSuppression,MLP,income,0.92,0.8382222222222222,0.08177777777777784
CellSuppression,LightGBM,workclass,0.716,0.6584444444444445,0.05755555555555547
CellSuppression,LightGBM,fnlwgt,0.016,0.0026666666666666666,0.013333333333333334
CellSuppression,LightGBM,education-num,1.0,1.0,0.0
CellSuppression,LightGBM,occupation,0.72,0.4142222222222222,0.30577777777777776
CellSuppression,LightGBM,relationship,0.83,0.8343333333333334,-0.004333333333333411
CellSuppression,LightGBM,capital-gain,0.723,0.8656666666666667,-0.14266666666666672
CellSuppression,LightGBM,capital-loss,0.866,0.9332222222222222,-0.06722222222222218
CellSuppression,LightGBM,hours-per-week,0.23,0.14655555555555555,0.08344444444444446
CellSuppression,LightGBM,income,0.916,0.8372222222222222,0.07877777777777784
RankSwap,Mode,workclass,0.705,0.7057777777777777,-0.0007777777777777661
RankSwap,Mode,fnlwgt,0.0,0.0,0.0
RankSwap,Mode,education-num,0.134,0.34244444444444444,-0.20844444444444443
RankSwap,Mode,occupation,0.097,0.13366666666666666,-0.03666666666666665
RankSwap,Mode,relationship,0.191,0.4351111111111111,-0.2441111111111111
RankSwap,Mode,capital-gain,0.933,0.9167777777777778,0.01622222222222225
RankSwap,Mode,capital-loss,0.951,0.9517777777777777,-0.0007777777777777661
RankSwap,Mode,hours-per-week,0.495,0.457,0.03799999999999998
RankSwap,Mode,income,0.862,0.7397777777777778,0.12222222222222223
RankSwap,KNN,workclass,0.845,0.5766666666666667,0.2683333333333333
RankSwap,KNN,fnlwgt,0.0,0.0,0.0
RankSwap,KNN,education-num,0.51,0.6087777777777778,-0.09877777777777774
RankSwap,KNN,occupation,0.738,0.2678888888888889,0.4701111111111111
RankSwap,KNN,relationship,0.845,0.7626666666666667,0.08233333333333326
RankSwap,KNN,capital-gain,0.905,0.8397777777777777,0.06522222222222229
RankSwap,KNN,capital-loss,0.934,0.9162222222222223,0.01777777777777778
RankSwap,KNN,hours-per-week,0.508,0.2668888888888889,0.2411111111111111
RankSwap,KNN,income,0.954,0.789,0.16499999999999992
RankSwap,NaiveBayes,workclass,0.605,0.5477777777777778,0.057222222222222174
RankSwap,NaiveBayes,fnlwgt,0.0,0.0,0.0
RankSwap,NaiveBayes,education-num,0.434,0.7045555555555556,-0.2705555555555556
RankSwap,NaiveBayes,occupation,0.187,0.085,0.102
RankSwap,NaiveBayes,relationship,0.517,0.7551111111111111,-0.23811111111111105
RankSwap,NaiveBayes,capital-gain,0.138,0.0024444444444444444,0.13555555555555557
RankSwap,NaiveBayes,capital-loss,0.951,0.9517777777777777,-0.0007777777777777661
RankSwap,NaiveBayes,hours-per-week,0.166,0.011444444444444445,0.15455555555555556
RankSwap,NaiveBayes,income,0.868,0.7655555555555555,0.10244444444444445
RankSwap,RandomForest,workclass,0.799,0.689,0.1100000000000001
RankSwap,RandomForest,fnlwgt,0.0,0.00011111111111111112,-0.00011111111111111112
RankSwap,RandomForest,education-num,0.558,0.8038888888888889,-0.24588888888888882
RankSwap,RandomForest,occupation,0.695,0.3108888888888889,0.38411111111111107
RankSwap,RandomForest,relationship,0.786,0.7975555555555556,-0.011555555555555541
RankSwap,RandomForest,capital-gain,0.925,0.9052222222222223,0.019777777777777783
RankSwap,RandomForest,capital-loss,0.944,0.9442222222222222,-0.00022222222222223476
RankSwap,RandomForest,hours-per-week,0.507,0.394,0.11299999999999999
RankSwap,RandomForest,income,0.935,0.8152222222222222,0.11977777777777787
RankSwap,CoBP-RA_graphQI_entropyBP,workclass,0.797,0.6596666666666666,0.13733333333333342
RankSwap,CoBP-RA_graphQI_entropyBP,fnlwgt,0.0,0.0,0.0
RankSwap,CoBP-RA_graphQI_entropyBP,education-num,0.621,0.8483333333333334,-0.2273333333333334
RankSwap,CoBP-RA_graphQI_entropyBP,occupation,0.652,0.31677777777777777,0.33522222222222225
RankSwap,CoBP-RA_graphQI_entropyBP,relationship,0.752,0.7961111111111111,-0.0441111111111111
RankSwap,CoBP-RA_graphQI_entropyBP,capital-gain,0.928,0.9024444444444445,0.025555555555555554
RankSwap,CoBP-RA_graphQI_entropyBP,capital-loss,0.945,0.9445555555555556,0.0004444444444443585
RankSwap,CoBP-RA_graphQI_entropyBP,hours-per-week,0.492,0.3547777777777778,0.1372222222222222
RankSwap,CoBP-RA_graphQI_entropyBP,income,0.926,0.8125555555555556,0.11344444444444446
RankSwap,MLP,workclass,0.715,0.7055555555555556,0.009444444444444366
RankSwap,MLP,fnlwgt,0.0,0.00011111111111111112,-0.00011111111111111112
RankSwap,MLP,education-num,0.633,0.8382222222222222,-0.2052222222222222
RankSwap,MLP,occupation,0.383,0.2971111111111111,0.0858888888888889
RankSwap,MLP,relationship,0.654,0.7914444444444444,-0.13744444444444437
RankSwap,MLP,capital-gain,0.925,0.9152222222222223,0.009777777777777774
RankSwap,MLP,capital-loss,0.946,0.9507777777777778,-0.004777777777777881
RankSwap,MLP,hours-per-week,0.46,0.448,0.01200000000000001
RankSwap,MLP,income,0.896,0.8162222222222222,0.07977777777777784
RankSwap,LightGBM,workclass,0.774,0.71,0.06400000000000006
RankSwap,LightGBM,fnlwgt,0.0,0.0,0.0
RankSwap,LightGBM,education-num,0.579,0.8265555555555556,-0.24755555555555564
RankSwap,LightGBM,occupation,0.577,0.32466666666666666,0.2523333333333333
RankSwap,LightGBM,relationship,0.742,0.8051111111111111,-0.06311111111111112
RankSwap,LightGBM,capital-gain,0.924,0.8746666666666667,0.04933333333333334
RankSwap,LightGBM,capital-loss,0.95,0.9517777777777777,-0.001777777777777767
RankSwap,LightGBM,hours-per-week,0.143,0.10922222222222222,0.03377777777777777
RankSwap,LightGBM,income,0.911,0.823,0.08800000000000008
Synthpop,Mode,workclass,0.705,0.7057777777777777,-0.0007777777777777661
Synthpop,Mode,fnlwgt,0.0,0.00022222222222222223,-0.00022222222222222223
Synthpop,Mode,education-num,0.134,0.34244444444444444,-0.20844444444444443
Synthpop,Mode,occupation,0.097,0.13366666666666666,-0.03666666666666665
Synthpop,Mode,relationship,0.191,0.4351111111111111,-0.2441111111111111
Synthpop,Mode,capital-gain,0.933,0.9167777777777778,0.01622222222222225
Synthpop,Mode,capital-loss,0.951,0.9517777777777777,-0.0007777777777777661
Synthpop,Mode,hours-per-week,0.495,0.457,0.03799999999999998
Synthpop,Mode,income,0.862,0.7397777777777778,0.12222222222222223
Synthpop,KNN,workclass,0.551,0.5354444444444444,0.015555555555555656
Synthpop,KNN,fnlwgt,0.009,0.01211111111111111,-0.0031111111111111114
Synthpop,KNN,education-num,0.625,0.9672222222222222,-0.3422222222222222
Synthpop,KNN,occupation,0.207,0.19666666666666666,0.010333333333333333
Synthpop,KNN,relationship,0.583,0.7397777777777778,-0.1567777777777778
Synthpop,KNN,capital-gain,0.883,0.8453333333333334,0.037666666666666626
Synthpop,KNN,capital-loss,0.909,0.9051111111111111,0.0038888888888889417
Synthpop,KNN,hours-per-week,0.273,0.2594444444444444,0.013555555555555598
Synthpop,KNN,income,0.802,0.7551111111111111,0.04688888888888898
Synthpop,NaiveBayes,workclass,0.455,0.101,0.354
Synthpop,NaiveBayes,fnlwgt,0.016,0.013,0.003000000000000001
Synthpop,NaiveBayes,education-num,1.0,1.0,0.0
Synthpop,NaiveBayes,occupation,0.158,0.042777777777777776,0.11522222222222223
Synthpop,NaiveBayes,relationship,0.604,0.755,-0.15100000000000002
Synthpop,NaiveBayes,capital-gain,0.113,0.0044444444444444444,0.10855555555555556
Synthpop,NaiveBayes,capital-loss,0.207,0.005555555555555556,0.20144444444444443
Synthpop,NaiveBayes,hours-per-week,0.066,0.0032222222222222222,0.06277777777777778
Synthpop,NaiveBayes,income,0.862,0.7594444444444445,0.10255555555555551
Synthpop,RandomForest,workclass,0.643,0.6596666666666666,-0.016666666666666607
Synthpop,RandomForest,fnlwgt,0.013,0.014222222222222223,-0.0012222222222222235
Synthpop,RandomForest,education-num,0.849,0.9866666666666667,-0.13766666666666671
Synthpop,RandomForest,occupation,0.266,0.24977777777777777,0.01622222222222225
Synthpop,RandomForest,relationship,0.649,0.7737777777777778,-0.12477777777777777
Synthpop,RandomForest,capital-gain,0.921,0.9018888888888889,0.01911111111111119
Synthpop,RandomForest,capital-loss,0.943,0.9427777777777778,0.00022222222222212373
Synthpop,RandomForest,hours-per-week,0.392,0.37744444444444447,0.014555555555555544
Synthpop,RandomForest,income,0.846,0.7977777777777778,0.048222222222222166
Synthpop,CoBP-RA_graphQI_entropyBP,workclass,0.614,0.6282222222222222,-0.014222222222222247
Synthpop,CoBP-RA_graphQI_entropyBP,fnlwgt,0.012,0.014,-0.002
Synthpop,CoBP-RA_graphQI_entropyBP,education-num,0.991,0.9996666666666667,-0.008666666666666711
Synthpop,CoBP-RA_graphQI_entropyBP,occupation,0.288,0.26,0.02799999999999997
Synthpop,CoBP-RA_graphQI_entropyBP,relationship,0.67,0.7708888888888888,-0.1008888888888888
Synthpop,CoBP-RA_graphQI_entropyBP,capital-gain,0.921,0.9027777777777778,0.01822222222222225
Synthpop,CoBP-RA_graphQI_entropyBP,capital-loss,0.945,0.9455555555555556,-0.0005555555555556424
Synthpop,CoBP-RA_graphQI_entropyBP,hours-per-week,0.396,0.37322222222222223,0.022777777777777786
Synthpop,CoBP-RA_graphQI_entropyBP,income,0.843,0.7951111111111111,0.04788888888888887
Synthpop,MLP,workclass,0.657,0.7033333333333334,-0.04633333333333334
Synthpop,MLP,fnlwgt,0.019,0.015555555555555555,0.0034444444444444444
Synthpop,MLP,education-num,1.0,1.0,0.0
Synthpop,MLP,occupation,0.278,0.2887777777777778,-0.010777777777777775
Synthpop,MLP,relationship,0.684,0.7976666666666666,-0.11366666666666658
Synthpop,MLP,capital-gain,0.92,0.913,0.007000000000000006
Synthpop,MLP,capital-loss,0.947,0.9514444444444444,-0.004444444444444473
Synthpop,MLP,hours-per-week,0.418,0.44566666666666666,-0.027666666666666673
Synthpop,MLP,income,0.872,0.8087777777777778,0.06322222222222218
Synthpop,LightGBM,workclass,0.669,0.7017777777777777,-0.032777777777777684
Synthpop,LightGBM,fnlwgt,0.0,0.00011111111111111112,-0.00011111111111111112
Synthpop,LightGBM,education-num,0.993,1.0,-0.007000000000000006
Synthpop,LightGBM,occupation,0.267,0.28644444444444445,-0.01944444444444443
Synthpop,LightGBM,relationship,0.671,0.7988888888888889,-0.12788888888888883
Synthpop,LightGBM,capital-gain,0.92,0.8871111111111111,0.03288888888888897
Synthpop,LightGBM,capital-loss,0.893,0.8702222222222222,0.022777777777777786
Synthpop,LightGBM,hours-per-week,0.184,0.25422222222222224,-0.07022222222222224
Synthpop,LightGBM,income,0.88,0.8186666666666667,0.06133333333333335
TabDDPM,Mode,workclass,0.705,0.7057777777777777,-0.0007777777777777661
TabDDPM,Mode,fnlwgt,0.0,0.00011111111111111112,-0.00011111111111111112
TabDDPM,Mode,education-num,0.134,0.34244444444444444,-0.20844444444444443
TabDDPM,Mode,occupation,0.097,0.13366666666666666,-0.03666666666666665
TabDDPM,Mode,relationship,0.191,0.4351111111111111,-0.2441111111111111
TabDDPM,Mode,capital-gain,0.933,0.9167777777777778,0.01622222222222225
TabDDPM,Mode,capital-loss,0.951,0.9517777777777777,-0.0007777777777777661
TabDDPM,Mode,hours-per-week,0.495,0.457,0.03799999999999998
TabDDPM,Mode,income,0.862,0.7397777777777778,0.12222222222222223
TabDDPM,KNN,workclass,0.805,0.6425555555555555,0.1624444444444445
TabDDPM,KNN,fnlwgt,0.024,0.0071111111111111115,0.01688888888888889
TabDDPM,KNN,education-num,0.815,0.978,-0.16300000000000003
TabDDPM,KNN,occupation,0.635,0.37455555555555553,0.2604444444444445
TabDDPM,KNN,relationship,0.792,0.8053333333333333,-0.013333333333333308
TabDDPM,KNN,capital-gain,0.92,0.8853333333333333,0.034666666666666734
TabDDPM,KNN,capital-loss,0.95,0.9174444444444444,0.03255555555555556
TabDDPM,KNN,hours-per-week,0.664,0.43144444444444446,0.23255555555555557
TabDDPM,KNN,income,0.926,0.801,0.125
TabDDPM,NaiveBayes,workclass,0.56,0.6914444444444444,-0.13144444444444436
TabDDPM,NaiveBayes,fnlwgt,0.02,0.004555555555555556,0.015444444444444445
TabDDPM,NaiveBayes,education-num,0.841,0.7497777777777778,0.0912222222222222
TabDDPM,NaiveBayes,occupation,0.207,0.10033333333333333,0.10666666666666666
TabDDPM,NaiveBayes,relationship,0.536,0.7593333333333333,-0.22333333333333327
TabDDPM,NaiveBayes,capital-gain,0.08,0.0014444444444444444,0.07855555555555556
TabDDPM,NaiveBayes,capital-loss,0.121,0.0036666666666666666,0.11733333333333333
TabDDPM,NaiveBayes,hours-per-week,0.086,0.003777777777777778,0.08222222222222221
TabDDPM,NaiveBayes,income,0.862,0.7256666666666667,0.1363333333333333
TabDDPM,RandomForest,workclass,0.837,0.7301111111111112,0.10688888888888881
TabDDPM,RandomForest,fnlwgt,0.027,0.00788888888888889,0.01911111111111111
TabDDPM,RandomForest,education-num,0.926,0.9914444444444445,-0.06544444444444442
TabDDPM,RandomForest,occupation,0.651,0.4161111111111111,0.23488888888888892
TabDDPM,RandomForest,relationship,0.829,0.8322222222222222,-0.0032222222222222374
TabDDPM,RandomForest,capital-gain,0.941,0.9125555555555556,0.028444444444444383
TabDDPM,RandomForest,capital-loss,0.964,0.9487777777777778,0.015222222222222137
TabDDPM,RandomForest,hours-per-week,0.698,0.5011111111111111,0.1968888888888889
TabDDPM,RandomForest,income,0.933,0.8314444444444444,0.10155555555555562
TabDDPM,CoBP-RA_graphQI_entropyBP,workclass,0.816,0.703,0.11299999999999999
TabDDPM,CoBP-RA_graphQI_entropyBP,fnlwgt,0.024,0.0074444444444444445,0.016555555555555556
TabDDPM,CoBP-RA_graphQI_entropyBP,education-num,0.971,0.9975555555555555,-0.026555555555555554
TabDDPM,CoBP-RA_graphQI_entropyBP,occupation,0.618,0.4043333333333333,0.21366666666666667
TabDDPM,CoBP-RA_graphQI_entropyBP,relationship,0.794,0.8277777777777777,-0.033777777777777684
TabDDPM,CoBP-RA_graphQI_entropyBP,capital-gain,0.94,0.9126666666666666,0.02733333333333332
TabDDPM,CoBP-RA_graphQI_entropyBP,capital-loss,0.964,0.9492222222222222,0.014777777777777779
TabDDPM,CoBP-RA_graphQI_entropyBP,hours-per-week,0.708,0.501,0.20699999999999996
TabDDPM,CoBP-RA_graphQI_entropyBP,income,0.92,0.8318888888888889,0.08811111111111114
TabDDPM,MLP,workclass,0.781,0.7202222222222222,0.06077777777777782
TabDDPM,MLP,fnlwgt,0.0,0.0,0.0
TabDDPM,MLP,education-num,0.984,0.9991111111111111,-0.015111111111111075
TabDDPM,MLP,occupation,0.54,0.3542222222222222,0.18577777777777782
TabDDPM,MLP,relationship,0.759,0.819,-0.05999999999999994
TabDDPM,MLP,capital-gain,0.93,0.9163333333333333,0.013666666666666716
TabDDPM,MLP,capital-loss,0.953,0.952,0.0010000000000000009
TabDDPM,MLP,hours-per-week,0.586,0.4708888888888889,0.11511111111111105
TabDDPM,MLP,income,0.922,0.8295555555555556,0.09244444444444444
TabDDPM,LightGBM,workclass,0.806,0.7205555555555555,0.08544444444444455
TabDDPM,LightGBM,fnlwgt,0.0,0.0,0.0
TabDDPM,LightGBM,education-num,0.334,0.5033333333333333,-0.16933333333333328
TabDDPM,LightGBM,occupation,0.649,0.37633333333333335,0.27266666666666667
TabDDPM,LightGBM,relationship,0.802,0.8228888888888889,-0.020888888888888846
TabDDPM,LightGBM,capital-gain,0.919,0.852,0.06700000000000006
TabDDPM,LightGBM,capital-loss,0.792,0.8315555555555556,-0.039555555555555566
TabDDPM,LightGBM,hours-per-week,0.11,0.0961111111111111,0.013888888888888895
TabDDPM,LightGBM,income,0.905,0.8286666666666667,0.07633333333333336
CTGAN,Mode,workclass,0.705,0.7057777777777777,-0.0007777777777777661
CTGAN,Mode,fnlwgt,0.0,0.00011111111111111112,-0.00011111111111111112
CTGAN,Mode,education-num,0.134,0.34244444444444444,-0.20844444444444443
CTGAN,Mode,occupation,0.097,0.13366666666666666,-0.03666666666666665
CTGAN,Mode,relationship,0.191,0.4351111111111111,-0.2441111111111111
CTGAN,Mode,capital-gain,0.933,0.9167777777777778,0.01622222222222225
CTGAN,Mode,capital-loss,0.951,0.9517777777777777,-0.0007777777777777661
CTGAN,Mode,hours-per-week,0.495,0.457,0.03799999999999998
CTGAN,Mode,income,0.862,0.7397777777777778,0.12222222222222223
CTGAN,KNN,workclass,0.555,0.5013333333333333,0.05366666666666675
CTGAN,KNN,fnlwgt,0.0,0.0,0.0
CTGAN,KNN,education-num,0.354,0.6973333333333334,-0.3433333333333334
CTGAN,KNN,occupation,0.116,0.15533333333333332,-0.03933333333333332
CTGAN,KNN,relationship,0.446,0.617,-0.17099999999999999
CTGAN,KNN,capital-gain,0.437,0.5031111111111111,-0.06611111111111106
CTGAN,KNN,capital-loss,0.572,0.5603333333333333,0.011666666666666603
CTGAN,KNN,hours-per-week,0.285,0.2441111111111111,0.040888888888888864
CTGAN,KNN,income,0.795,0.6657777777777778,0.12922222222222224
CTGAN,NaiveBayes,workclass,0.656,0.548,0.10799999999999998
CTGAN,NaiveBayes,fnlwgt,0.0,0.0,0.0
CTGAN,NaiveBayes,education-num,0.305,0.5124444444444445,-0.2074444444444445
CTGAN,NaiveBayes,occupation,0.182,0.178,0.0040000000000000036
CTGAN,NaiveBayes,relationship,0.465,0.6961111111111111,-0.2311111111111111
CTGAN,NaiveBayes,capital-gain,0.053,0.0015555555555555555,0.051444444444444445
CTGAN,NaiveBayes,capital-loss,0.004,0.0,0.004
CTGAN,NaiveBayes,hours-per-week,0.206,0.011555555555555555,0.19444444444444442
CTGAN,NaiveBayes,income,0.86,0.6668888888888889,0.19311111111111112
CTGAN,RandomForest,workclass,0.623,0.6145555555555555,0.008444444444444477
CTGAN,RandomForest,fnlwgt,0.0,0.0,0.0
CTGAN,RandomForest,education-num,0.553,0.8007777777777778,-0.24777777777777776
CTGAN,RandomForest,occupation,0.166,0.17455555555555555,-0.008555555555555538
CTGAN,RandomForest,relationship,0.518,0.6992222222222222,-0.18122222222222217
CTGAN,RandomForest,capital-gain,0.755,0.7561111111111111,-0.0011111111111110628
CTGAN,RandomForest,capital-loss,0.82,0.7965555555555556,0.02344444444444438
CTGAN,RandomForest,hours-per-week,0.411,0.36444444444444446,0.04655555555555552
CTGAN,RandomForest,income,0.859,0.7225555555555555,0.13644444444444448
CTGAN,CoBP-RA_graphQI_entropyBP,workclass,0.631,0.5997777777777777,0.031222222222222262
CTGAN,CoBP-RA_graphQI_entropyBP,fnlwgt,0.0,0.0,0.0
CTGAN,CoBP-RA_graphQI_entropyBP,education-num,0.738,0.9221111111111111,-0.18411111111111111
CTGAN,CoBP-RA_graphQI_entropyBP,occupation,0.202,0.18933333333333333,0.012666666666666687
CTGAN,CoBP-RA_graphQI_entropyBP,relationship,0.552,0.7321111111111112,-0.1801111111111111
CTGAN,CoBP-RA_graphQI_entropyBP,capital-gain,0.736,0.7705555555555555,-0.03455555555555556
CTGAN,CoBP-RA_graphQI_entropyBP,capital-loss,0.807,0.8094444444444444,-0.0024444444444443603
CTGAN,CoBP-RA_graphQI_entropyBP,hours-per-week,0.404,0.36344444444444446,0.04055555555555557
CTGAN,CoBP-RA_graphQI_entropyBP,income,0.852,0.7243333333333334,0.1276666666666666
CTGAN,MLP,workclass,0.674,0.6758888888888889,-0.0018888888888888289
CTGAN,MLP,fnlwgt,0.0,0.0,0.0
CTGAN,MLP,education-num,0.668,0.914,-0.246
CTGAN,MLP,occupation,0.193,0.21822222222222223,-0.02522222222222223
CTGAN,MLP,relationship,0.573,0.7574444444444445,-0.18444444444444452
CTGAN,MLP,capital-gain,0.853,0.8985555555555556,-0.04555555555555557
CTGAN,MLP,capital-loss,0.849,0.9223333333333333,-0.07333333333333336
CTGAN,MLP,hours-per-week,0.453,0.44566666666666666,0.007333333333333358
CTGAN,MLP,income,0.871,0.7463333333333333,0.1246666666666667
CTGAN,LightGBM,workclass,0.658,0.6816666666666666,-0.023666666666666614
CTGAN,LightGBM,fnlwgt,0.0,0.0,0.0
CTGAN,LightGBM,education-num,0.597,0.8844444444444445,-0.2874444444444445
CTGAN,LightGBM,occupation,0.183,0.21466666666666667,-0.031666666666666676
CTGAN,LightGBM,relationship,0.522,0.7545555555555555,-0.23255555555555552
CTGAN,LightGBM,capital-gain,0.371,0.4285555555555556,-0.05755555555555558
CTGAN,LightGBM,capital-loss,0.484,0.5267777777777778,-0.0427777777777778
CTGAN,LightGBM,hours-per-week,0.487,0.4507777777777778,0.03622222222222221
CTGAN,LightGBM,income,0.868,0.7471111111111111,0.12088888888888893
TVAE,Mode,workclass,0.705,0.7057777777777777,-0.0007777777777777661
TVAE,Mode,fnlwgt,0.0,0.0,0.0
TVAE,Mode,education-num,0.196,0.22844444444444445,-0.03244444444444444
TVAE,Mode,occupation,0.084,0.13233333333333333,-0.048333333333333325
TVAE,Mode,relationship,0.191,0.4351111111111111,-0.2441111111111111
TVAE,Mode,capital-gain,0.933,0.9167777777777778,0.01622222222222225
TVAE,Mode,capital-loss,0.951,0.9517777777777777,-0.0007777777777777661
TVAE,Mode,hours-per-week,0.495,0.457,0.03799999999999998
TVAE,Mode,income,0.862,0.7397777777777778,0.12222222222222223
TVAE,KNN,workclass,0.666,0.6483333333333333,0.01766666666666672
TVAE,KNN,fnlwgt,0.0,0.0,0.0
TVAE,KNN,education-num,0.315,0.7863333333333333,-0.4713333333333333
TVAE,KNN,occupation,0.177,0.22211111111111112,-0.04511111111111113
TVAE,KNN,relationship,0.351,0.6962222222222222,-0.3452222222222222
TVAE,KNN,capital-gain,0.777,0.6145555555555555,0.1624444444444445
TVAE,KNN,capital-loss,0.828,0.7284444444444444,0.09955555555555551
TVAE,KNN,hours-per-week,0.471,0.34655555555555556,0.12444444444444441
TVAE,KNN,income,0.838,0.756,0.08199999999999996
TVAE,NaiveBayes,workclass,0.12,0.3254444444444444,-0.20544444444444443
TVAE,NaiveBayes,fnlwgt,0.0,0.0,0.0
TVAE,NaiveBayes,education-num,0.07,0.025666666666666667,0.044333333333333336
TVAE,NaiveBayes,occupation,0.1,0.06222222222222222,0.037777777777777785
TVAE,NaiveBayes,relationship,0.205,0.6833333333333333,-0.4783333333333334
TVAE,NaiveBayes,capital-gain,0.047,0.01988888888888889,0.02711111111111111
TVAE,NaiveBayes,capital-loss,0.804,0.13677777777777778,0.6672222222222223
TVAE,NaiveBayes,hours-per-week,0.087,0.03855555555555556,0.048444444444444436
TVAE,NaiveBayes,income,0.861,0.7202222222222222,0.14077777777777778
TVAE,RandomForest,workclass,0.672,0.6873333333333334,-0.01533333333333331
TVAE,RandomForest,fnlwgt,0.0,0.0,0.0
TVAE,RandomForest,education-num,0.6,0.8963333333333333,-0.29633333333333334
TVAE,RandomForest,occupation,0.245,0.26311111111111113,-0.018111111111111133
TVAE,RandomForest,relationship,0.607,0.7563333333333333,-0.14933333333333332
TVAE,RandomForest,capital-gain,0.811,0.8422222222222222,-0.03122222222222215
TVAE,RandomForest,capital-loss,0.852,0.8765555555555555,-0.024555555555555553
TVAE,RandomForest,hours-per-week,0.481,0.41933333333333334,0.06166666666666665
TVAE,RandomForest,income,0.856,0.7833333333333333,0.07266666666666666
TVAE,CoBP-RA_graphQI_entropyBP,workclass,0.594,0.6656666666666666,-0.07166666666666666
TVAE,CoBP-RA_graphQI_entropyBP,fnlwgt,0.0,0.0,0.0
TVAE,CoBP-RA_graphQI_entropyBP,education-num,0.873,0.9761111111111112,-0.10311111111111115
TVAE,CoBP-RA_graphQI_entropyBP,occupation,0.229,0.2648888888888889,-0.03588888888888889
TVAE,CoBP-RA_graphQI_entropyBP,relationship,0.623,0.7767777777777778,-0.1537777777777778
TVAE,CoBP-RA_graphQI_entropyBP,capital-gain,0.836,0.8451111111111111,-0.009111111111111181
TVAE,CoBP-RA_graphQI_entropyBP,capital-loss,0.856,0.8617777777777778,-0.005777777777777771
TVAE,CoBP-RA_graphQI_entropyBP,hours-per-week,0.481,0.4172222222222222,0.06377777777777777
TVAE,CoBP-RA_graphQI_entropyBP,income,0.856,0.782,0.07399999999999995
TVAE,MLP,workclass,0.634,0.702,-0.06799999999999995
TVAE,MLP,fnlwgt,0.0,0.0,0.0
TVAE,MLP,education-num,0.852,0.9631111111111111,-0.11111111111111116
TVAE,MLP,occupation,0.244,0.27,-0.026000000000000023
TVAE,MLP,relationship,0.611,0.7808888888888889,-0.16988888888888887
TVAE,MLP,capital-gain,0.772,0.9001111111111111,-0.12811111111111106
TVAE,MLP,capital-loss,0.821,0.9306666666666666,-0.10966666666666669
TVAE,MLP,hours-per-week,0.425,0.4431111111111111,-0.018111111111111133
TVAE,MLP,income,0.853,0.7916666666666666,0.06133333333333335
TVAE,LightGBM,workclass,0.68,0.6975555555555556,-0.017555555555555546
TVAE,LightGBM,fnlwgt,0.0,0.0,0.0
TVAE,LightGBM,education-num,0.784,0.9482222222222222,-0.16422222222222216
TVAE,LightGBM,occupation,0.24,0.2698888888888889,-0.02988888888888891
TVAE,LightGBM,relationship,0.591,0.7657777777777778,-0.1747777777777778
TVAE,LightGBM,capital-gain,0.105,0.02188888888888889,0.08311111111111111
TVAE,LightGBM,capital-loss,0.444,0.15444444444444444,0.28955555555555557
TVAE,LightGBM,hours-per-week,0.475,0.4315555555555556,0.0434444444444444
TVAE,LightGBM,income,0.868,0.7953333333333333,0.07266666666666666
ARF,Mode,workclass,0.705,0.7057777777777777,-0.0007777777777777661
ARF,Mode,fnlwgt,0.0,0.0,0.0
ARF,Mode,education-num,0.134,0.34244444444444444,-0.20844444444444443
ARF,Mode,occupation,0.084,0.13233333333333333,-0.048333333333333325
ARF,Mode,relationship,0.191,0.4351111111111111,-0.2441111111111111
ARF,Mode,capital-gain,0.933,0.9167777777777778,0.01622222222222225
ARF,Mode,capital-loss,0.951,0.9517777777777777,-0.0007777777777777661
ARF,Mode,hours-per-week,0.495,0.457,0.03799999999999998
ARF,Mode,income,0.862,0.7397777777777778,0.12222222222222223
ARF,KNN,workclass,0.586,0.5293333333333333,0.05666666666666664
ARF,KNN,fnlwgt,0.0,0.0,0.0
ARF,KNN,education-num,0.297,0.6233333333333333,-0.3263333333333333
ARF,KNN,occupation,0.098,0.09277777777777778,0.005222222222222225
ARF,KNN,relationship,0.436,0.6197777777777778,-0.18377777777777776
ARF,KNN,capital-gain,0.704,0.6681111111111111,0.03588888888888886
ARF,KNN,capital-loss,0.79,0.8067777777777778,-0.01677777777777778
ARF,KNN,hours-per-week,0.053,0.07544444444444444,-0.02244444444444444
ARF,KNN,income,0.817,0.7371111111111112,0.07988888888888879
ARF,NaiveBayes,workclass,0.585,0.4513333333333333,0.13366666666666666
ARF,NaiveBayes,fnlwgt,0.0,0.0,0.0
ARF,NaiveBayes,education-num,0.286,0.5914444444444444,-0.30544444444444446
ARF,NaiveBayes,occupation,0.189,0.19044444444444444,-0.0014444444444444426
ARF,NaiveBayes,relationship,0.381,0.6722222222222223,-0.29122222222222227
ARF,NaiveBayes,capital-gain,0.022,0.00022222222222222223,0.021777777777777778
ARF,NaiveBayes,capital-loss,0.001,0.0007777777777777777,0.0002222222222222223
ARF,NaiveBayes,hours-per-week,0.113,0.06133333333333333,0.05166666666666667
ARF,NaiveBayes,income,0.863,0.7565555555555555,0.10644444444444445
ARF,RandomForest,workclass,0.682,0.663,0.019000000000000017
ARF,RandomForest,fnlwgt,0.0,0.0,0.0
ARF,RandomForest,education-num,0.516,0.7604444444444445,-0.24444444444444446
ARF,RandomForest,occupation,0.103,0.1078888888888889,-0.004888888888888901
ARF,RandomForest,relationship,0.53,0.7115555555555556,-0.18155555555555558
ARF,RandomForest,capital-gain,0.871,0.8471111111111111,0.02388888888888885
ARF,RandomForest,capital-loss,0.918,0.9064444444444445,0.011555555555555541
ARF,RandomForest,hours-per-week,0.089,0.1308888888888889,-0.04188888888888889
ARF,RandomForest,income,0.865,0.7713333333333333,0.09366666666666668
ARF,CoBP-RA_graphQI_entropyBP,workclass,0.682,0.6502222222222223,0.031777777777777794
ARF,CoBP-RA_graphQI_entropyBP,fnlwgt,0.0,0.0,0.0
ARF,CoBP-RA_graphQI_entropyBP,education-num,0.658,0.8733333333333333,-0.21533333333333327
ARF,CoBP-RA_graphQI_entropyBP,occupation,0.12,0.12211111111111111,-0.002111111111111119
ARF,CoBP-RA_graphQI_entropyBP,relationship,0.605,0.749,-0.14400000000000002
ARF,CoBP-RA_graphQI_entropyBP,capital-gain,0.884,0.8564444444444445,0.027555555555555555
ARF,CoBP-RA_graphQI_entropyBP,capital-loss,0.927,0.9157777777777778,0.011222222222222245
ARF,CoBP-RA_graphQI_entropyBP,hours-per-week,0.104,0.129,-0.02500000000000001
ARF,CoBP-RA_graphQI_entropyBP,income,0.865,0.7947777777777778,0.07022222222222219
ARF,MLP,workclass,0.686,0.7025555555555556,-0.016555555555555546
ARF,MLP,fnlwgt,0.0,0.0,0.0
ARF,MLP,education-num,0.729,0.8851111111111111,-0.1561111111111111
ARF,MLP,occupation,0.096,0.14744444444444443,-0.05144444444444443
ARF,MLP,relationship,0.608,0.783,-0.17500000000000004
ARF,MLP,capital-gain,0.868,0.8987777777777778,-0.030777777777777793
ARF,MLP,capital-loss,0.941,0.9513333333333334,-0.010333333333333417
ARF,MLP,hours-per-week,0.193,0.3463333333333333,-0.15333333333333332
ARF,MLP,income,0.864,0.7892222222222223,0.07477777777777772
ARF,LightGBM,workclass,0.692,0.7022222222222222,-0.010222222222222244
ARF,LightGBM,fnlwgt,0.0,0.0,0.0
ARF,LightGBM,education-num,0.593,0.875,-0.28200000000000003
ARF,LightGBM,occupation,0.135,0.15188888888888888,-0.01688888888888887
ARF,LightGBM,relationship,0.556,0.7816666666666666,-0.22566666666666657
ARF,LightGBM,capital-gain,0.771,0.7493333333333333,0.021666666666666723
ARF,LightGBM,capital-loss,0.558,0.8613333333333333,-0.30333333333333323
ARF,LightGBM,hours-per-week,0.034,0.037333333333333336,-0.003333333333333334
ARF,LightGBM,income,0.87,0.8045555555555556,0.06544444444444442
AIM_eps1,Mode,workclass,0.705,0.7057777777777777,-0.0007777777777777661
AIM_eps1,Mode,fnlwgt,0.0,0.0,0.0
AIM_eps1,Mode,education-num,0.134,0.34244444444444444,-0.20844444444444443
AIM_eps1,Mode,occupation,0.084,0.13233333333333333,-0.048333333333333325
AIM_eps1,Mode,relationship,0.191,0.4351111111111111,-0.2441111111111111
AIM_eps1,Mode,capital-gain,0.933,0.9167777777777778,0.01622222222222225
AIM_eps1,Mode,capital-loss,0.951,0.9517777777777777,-0.0007777777777777661
AIM_eps1,Mode,hours-per-week,0.003,0.0077777777777777776,-0.0047777777777777775
AIM_eps1,Mode,income,0.862,0.7397777777777778,0.12222222222222223
AIM_eps1,KNN,workclass,0.485,0.4221111111111111,0.06288888888888888
AIM_eps1,KNN,fnlwgt,0.0,0.0,0.0
AIM_eps1,KNN,education-num,0.25,0.5848888888888889,-0.3348888888888889
AIM_eps1,KNN,occupation,0.132,0.15855555555555556,-0.026555555555555554
AIM_eps1,KNN,relationship,0.344,0.6023333333333334,-0.2583333333333334
AIM_eps1,KNN,capital-gain,0.788,0.7463333333333333,0.04166666666666674
AIM_eps1,KNN,capital-loss,0.914,0.9043333333333333,0.009666666666666712
AIM_eps1,KNN,hours-per-week,0.001,0.006888888888888889,-0.005888888888888889
AIM_eps1,KNN,income,0.496,0.4311111111111111,0.06488888888888888
AIM_eps1,NaiveBayes,workclass,0.698,0.7053333333333334,-0.007333333333333414
AIM_eps1,NaiveBayes,fnlwgt,0.0,0.0,0.0
AIM_eps1,NaiveBayes,education-num,0.413,0.5436666666666666,-0.13066666666666665
AIM_eps1,NaiveBayes,occupation,0.091,0.038,0.053
AIM_eps1,NaiveBayes,relationship,0.548,0.7115555555555556,-0.16355555555555557
AIM_eps1,NaiveBayes,capital-gain,0.933,0.9167777777777778,0.01622222222222225
AIM_eps1,NaiveBayes,capital-loss,0.849,0.933,-0.08400000000000007
AIM_eps1,NaiveBayes,hours-per-week,0.004,0.0077777777777777776,-0.0037777777777777775
AIM_eps1,NaiveBayes,income,0.862,0.7433333333333333,0.1186666666666667
AIM_eps1,RandomForest,workclass,0.631,0.6875555555555556,-0.05655555555555558
AIM_eps1,RandomForest,fnlwgt,0.0,0.0,0.0
AIM_eps1,RandomForest,education-num,0.519,0.7112222222222222,-0.19222222222222218
AIM_eps1,RandomForest,occupation,0.161,0.24122222222222223,-0.08022222222222222
AIM_eps1,RandomForest,relationship,0.496,0.6497777777777778,-0.1537777777777778
AIM_eps1,RandomForest,capital-gain,0.915,0.9048888888888889,0.010111111111111182
AIM_eps1,RandomForest,capital-loss,0.947,0.9454444444444444,0.0015555555555555323
AIM_eps1,RandomForest,hours-per-week,0.003,0.00788888888888889,-0.00488888888888889
AIM_eps1,RandomForest,income,0.855,0.7478888888888889,0.10711111111111105
AIM_eps1,CoBP-RA_graphQI_entropyBP,workclass,0.586,0.5787777777777777,0.007222222222222241
AIM_eps1,CoBP-RA_graphQI_entropyBP,fnlwgt,0.0,0.0,0.0
AIM_eps1,CoBP-RA_graphQI_entropyBP,education-num,0.631,0.7263333333333334,-0.09533333333333338
AIM_eps1,CoBP-RA_graphQI_entropyBP,occupation,0.184,0.20055555555555554,-0.016555555555555546
AIM_eps1,CoBP-RA_graphQI_entropyBP,relationship,0.572,0.6963333333333334,-0.1243333333333334
AIM_eps1,CoBP-RA_graphQI_entropyBP,capital-gain,0.925,0.913,0.01200000000000001
AIM_eps1,CoBP-RA_graphQI_entropyBP,capital-loss,0.95,0.9515555555555556,-0.0015555555555556433
AIM_eps1,CoBP-RA_graphQI_entropyBP,hours-per-week,0.002,0.007555555555555556,-0.005555555555555556
AIM_eps1,CoBP-RA_graphQI_entropyBP,income,0.591,0.48355555555555557,0.1074444444444444
AIM_eps1,MLP,workclass,0.672,0.697,-0.02499999999999991
AIM_eps1,MLP,fnlwgt,0.0,0.0,0.0
AIM_eps1,MLP,education-num,0.627,0.7284444444444444,-0.10144444444444445
AIM_eps1,MLP,occupation,0.206,0.27144444444444443,-0.06544444444444444
AIM_eps1,MLP,relationship,0.545,0.7265555555555555,-0.18155555555555547
AIM_eps1,MLP,capital-gain,0.92,0.9165555555555556,0.003444444444444472
AIM_eps1,MLP,capital-loss,0.946,0.9517777777777777,-0.005777777777777771
AIM_eps1,MLP,hours-per-week,0.003,0.007666666666666666,-0.004666666666666666
AIM_eps1,MLP,income,0.861,0.8068888888888889,0.05411111111111111
AIM_eps1,LightGBM,workclass,0.606,0.6948888888888889,-0.0888888888888889
AIM_eps1,LightGBM,fnlwgt,0.0,0.0,0.0
AIM_eps1,LightGBM,education-num,0.57,0.7207777777777777,-0.1507777777777778
AIM_eps1,LightGBM,occupation,0.148,0.19166666666666668,-0.04366666666666669
AIM_eps1,LightGBM,relationship,0.547,0.701,-0.15399999999999991
AIM_eps1,LightGBM,capital-gain,0.862,0.9128888888888889,-0.05088888888888887
AIM_eps1,LightGBM,capital-loss,0.95,0.9517777777777777,-0.001777777777777767
AIM_eps1,LightGBM,hours-per-week,0.004,0.0071111111111111115,-0.0031111111111111114
AIM_eps1,LightGBM,income,0.341,0.4047777777777778,-0.06377777777777777
MST_eps1,Mode,workclass,0.705,0.7057777777777777,-0.0007777777777777661
MST_eps1,Mode,fnlwgt,0.0,0.0,0.0
MST_eps1,Mode,education-num,0.134,0.34244444444444444,-0.20844444444444443
MST_eps1,Mode,occupation,0.097,0.13366666666666666,-0.03666666666666665
MST_eps1,Mode,relationship,0.191,0.4351111111111111,-0.2441111111111111
MST_eps1,Mode,capital-gain,0.0,0.0,0.0
MST_eps1,Mode,capital-loss,0.0,0.0,0.0
MST_eps1,Mode,hours-per-week,0.013,0.014,-0.0010000000000000009
MST_eps1,Mode,income,0.862,0.7397777777777778,0.12222222222222223
MST_eps1,KNN,workclass,0.487,0.5245555555555556,-0.037555555555555564
MST_eps1,KNN,fnlwgt,0.0,0.0,0.0
MST_eps1,KNN,education-num,0.465,0.8032222222222222,-0.33822222222222215
MST_eps1,KNN,occupation,0.133,0.1378888888888889,-0.004888888888888887
MST_eps1,KNN,relationship,0.452,0.7135555555555556,-0.2615555555555556
MST_eps1,KNN,capital-gain,0.0,0.0,0.0
MST_eps1,KNN,capital-loss,0.0,0.0,0.0
MST_eps1,KNN,hours-per-week,0.005,0.008777777777777778,-0.0037777777777777783
MST_eps1,KNN,income,0.772,0.6703333333333333,0.10166666666666668
MST_eps1,NaiveBayes,workclass,0.489,0.6958888888888889,-0.2068888888888889
MST_eps1,NaiveBayes,fnlwgt,0.0,0.0,0.0
MST_eps1,NaiveBayes,education-num,0.282,0.28344444444444444,-0.0014444444444444704
MST_eps1,NaiveBayes,occupation,0.121,0.1971111111111111,-0.0761111111111111
MST_eps1,NaiveBayes,relationship,0.423,0.6078888888888889,-0.18488888888888894
MST_eps1,NaiveBayes,capital-gain,0.0,0.0,0.0
MST_eps1,NaiveBayes,capital-loss,0.0,0.0,0.0
MST_eps1,NaiveBayes,hours-per-week,0.009,0.013888888888888888,-0.004888888888888889
MST_eps1,NaiveBayes,income,0.861,0.7445555555555555,0.11644444444444446
MST_eps1,RandomForest,workclass,0.648,0.6703333333333333,-0.022333333333333316
MST_eps1,RandomForest,fnlwgt,0.0,0.0,0.0
MST_eps1,RandomForest,education-num,0.731,0.9556666666666667,-0.22466666666666668
MST_eps1,RandomForest,occupation,0.167,0.19755555555555557,-0.030555555555555558
MST_eps1,RandomForest,relationship,0.516,0.707,-0.19099999999999995
MST_eps1,RandomForest,capital-gain,0.0,0.0,0.0
MST_eps1,RandomForest,capital-loss,0.0,0.0,0.0
MST_eps1,RandomForest,hours-per-week,0.007,0.012888888888888889,-0.005888888888888889
MST_eps1,RandomForest,income,0.815,0.7246666666666667,0.09033333333333327
MST_eps1,CoBP-RA_graphQI_entropyBP,workclass,0.519,0.6321111111111111,-0.11311111111111105
MST_eps1,CoBP-RA_graphQI_entropyBP,fnlwgt,0.0,0.0,0.0
MST_eps1,CoBP-RA_graphQI_entropyBP,education-num,0.79,0.9694444444444444,-0.1794444444444444
MST_eps1,CoBP-RA_graphQI_entropyBP,occupation,0.16,0.20822222222222223,-0.04822222222222222
MST_eps1,CoBP-RA_graphQI_entropyBP,relationship,0.551,0.7431111111111111,-0.192111111111111
MST_eps1,CoBP-RA_graphQI_entropyBP,capital-gain,0.0,0.0,0.0
MST_eps1,CoBP-RA_graphQI_entropyBP,capital-loss,0.0,0.0,0.0
MST_eps1,CoBP-RA_graphQI_entropyBP,hours-per-week,0.009,0.011555555555555555,-0.0025555555555555557
MST_eps1,CoBP-RA_graphQI_entropyBP,income,0.799,0.7078888888888889,0.09111111111111114
MST_eps1,MLP,workclass,0.651,0.704,-0.052999999999999936
MST_eps1,MLP,fnlwgt,0.0,0.0,0.0
MST_eps1,MLP,education-num,0.89,0.9782222222222222,-0.0882222222222222
MST_eps1,MLP,occupation,0.195,0.24322222222222223,-0.04822222222222222
MST_eps1,MLP,relationship,0.579,0.7413333333333333,-0.16233333333333333
MST_eps1,MLP,capital-gain,0.0,0.0,0.0
MST_eps1,MLP,capital-loss,0.0,0.0,0.0
MST_eps1,MLP,hours-per-week,0.01,0.013777777777777778,-0.0037777777777777775
MST_eps1,MLP,income,0.828,0.7042222222222222,0.12377777777777776
MST_eps1,LightGBM,workclass,0.679,0.7042222222222222,-0.025222222222222146
MST_eps1,LightGBM,fnlwgt,0.0,0.0,0.0
MST_eps1,LightGBM,education-num,0.841,0.9657777777777777,-0.12477777777777777
MST_eps1,LightGBM,occupation,0.162,0.23655555555555555,-0.07455555555555554
MST_eps1,LightGBM,relationship,0.562,0.7361111111111112,-0.1741111111111111
MST_eps1,LightGBM,capital-gain,0.0,0.0,0.0
MST_eps1,LightGBM,capital-loss,0.0,0.0,0.0
MST_eps1,LightGBM,hours-per-week,0.009,0.013888888888888888,-0.004888888888888889
MST_eps1,LightGBM,income,0.855,0.7591111111111111,0.09588888888888891
MST_eps1000,Mode,workclass,0.705,0.7057777777777777,-0.0007777777777777661
MST_eps1000,Mode,fnlwgt,0.0,0.0,0.0
MST_eps1000,Mode,education-num,0.134,0.34244444444444444,-0.20844444444444443
MST_eps1000,Mode,occupation,0.097,0.13366666666666666,-0.03666666666666665
MST_eps1000,Mode,relationship,0.191,0.4351111111111111,-0.2441111111111111
MST_eps1000,Mode,capital-gain,0.0,0.0,0.0
MST_eps1000,Mode,capital-loss,0.0,0.0,0.0
MST_eps1000,Mode,hours-per-week,0.013,0.014,-0.0010000000000000009
MST_eps1000,Mode,income,0.862,0.7397777777777778,0.12222222222222223
MST_eps1000,KNN,workclass,0.474,0.499,-0.025000000000000022
MST_eps1000,KNN,fnlwgt,0.0,0.0,0.0
MST_eps1000,KNN,education-num,0.507,0.8663333333333333,-0.3593333333333333
MST_eps1000,KNN,occupation,0.17,0.14722222222222223,0.022777777777777786
MST_eps1000,KNN,relationship,0.505,0.6891111111111111,-0.18411111111111111
MST_eps1000,KNN,capital-gain,0.0,0.0,0.0
MST_eps1000,KNN,capital-loss,0.0,0.0,0.0
MST_eps1000,KNN,hours-per-week,0.012,0.01011111111111111,0.0018888888888888896
MST_eps1000,KNN,income,0.788,0.7118888888888889,0.07611111111111113
MST_eps1000,NaiveBayes,workclass,0.462,0.10411111111111111,0.3578888888888889
MST_eps1000,NaiveBayes,fnlwgt,0.0,0.0,0.0
MST_eps1000,NaiveBayes,education-num,0.79,0.9946666666666667,-0.20466666666666666
MST_eps1000,NaiveBayes,occupation,0.214,0.06266666666666666,0.15133333333333332
MST_eps1000,NaiveBayes,relationship,0.547,0.7052222222222222,-0.15822222222222215
MST_eps1000,NaiveBayes,capital-gain,0.0,0.0,0.0
MST_eps1000,NaiveBayes,capital-loss,0.0,0.0,0.0
MST_eps1000,NaiveBayes,hours-per-week,0.008,0.0022222222222222222,0.0057777777777777775
MST_eps1000,NaiveBayes,income,0.83,0.7446666666666667,0.08533333333333326
MST_eps1000,RandomForest,workclass,0.66,0.656,0.0040000000000000036
MST_eps1000,RandomForest,fnlwgt,0.0,0.0,0.0
MST_eps1000,RandomForest,education-num,0.822,0.9795555555555555,-0.15755555555555556
MST_eps1000,RandomForest,occupation,0.198,0.20877777777777778,-0.010777777777777775
MST_eps1000,RandomForest,relationship,0.59,0.7291111111111112,-0.13911111111111119
MST_eps1000,RandomForest,capital-gain,0.0,0.0,0.0
MST_eps1000,RandomForest,capital-loss,0.0,0.0,0.0
MST_eps1000,RandomForest,hours-per-week,0.011,0.013888888888888888,-0.0028888888888888888
MST_eps1000,RandomForest,income,0.825,0.7301111111111112,0.0948888888888888
MST_eps1000,CoBP-RA_graphQI_entropyBP,workclass,0.616,0.6152222222222222,0.0007777777777777661
MST_eps1000,CoBP-RA_graphQI_entropyBP,fnlwgt,0.0,0.0,0.0
MST_eps1000,CoBP-RA_graphQI_entropyBP,education-num,0.994,0.9998888888888889,-0.0058888888888889435
MST_eps1000,CoBP-RA_graphQI_entropyBP,occupation,0.233,0.22744444444444445,0.005555555555555564
MST_eps1000,CoBP-RA_graphQI_entropyBP,relationship,0.585,0.7371111111111112,-0.1521111111111112
MST_eps1000,CoBP-RA_graphQI_entropyBP,capital-gain,0.0,0.0,0.0
MST_eps1000,CoBP-RA_graphQI_entropyBP,capital-loss,0.0,0.0,0.0
MST_eps1000,CoBP-RA_graphQI_entropyBP,hours-per-week,0.01,0.013444444444444445,-0.0034444444444444444
MST_eps1000,CoBP-RA_graphQI_entropyBP,income,0.778,0.6765555555555556,0.10144444444444445
MST_eps1000,MLP,workclass,0.662,0.7041111111111111,-0.0421111111111111
MST_eps1000,MLP,fnlwgt,0.0,0.0,0.0
MST_eps1000,MLP,education-num,1.0,1.0,0.0
MST_eps1000,MLP,occupation,0.28,0.26655555555555555,0.013444444444444481
MST_eps1000,MLP,relationship,0.617,0.7418888888888889,-0.12488888888888894
MST_eps1000,MLP,capital-gain,0.0,0.0,0.0
MST_eps1000,MLP,capital-loss,0.0,0.0,0.0
MST_eps1000,MLP,hours-per-week,0.01,0.014,-0.004
MST_eps1000,MLP,income,0.803,0.7228888888888889,0.08011111111111113
MST_eps1000,LightGBM,workclass,0.685,0.7047777777777777,-0.019777777777777672
MST_eps1000,LightGBM,fnlwgt,0.0,0.0,0.0
MST_eps1000,LightGBM,education-num,0.991,0.9994444444444445,-0.008444444444444477
MST_eps1000,LightGBM,occupation,0.238,0.2578888888888889,-0.0198888888888889
MST_eps1000,LightGBM,relationship,0.584,0.7286666666666667,-0.14466666666666672
MST_eps1000,LightGBM,capital-gain,0.0,0.0,0.0
MST_eps1000,LightGBM,capital-loss,0.0,0.0,0.0
MST_eps1000,LightGBM,hours-per-week,0.011,0.013777777777777778,-0.0027777777777777783
MST_eps1000,LightGBM,income,0.823,0.738,0.08499999999999996
