sample,sdg,attack,qi,ra_mean,train_mean,nontrain_mean,delta_mean,error
4,MST_eps1,TabDDPM,QI1,20.4778,,,,
4,MST_eps1,ConditionedRePaint,QI1,14.3444,,,,
4,MST_eps1,TabDDPMWithMLP,QI1,17.1667,,,,
4,MST_eps10,TabDDPM,QI1,18.5889,,,,
4,MST_eps10,ConditionedRePaint,QI1,12.1667,,,,
4,MST_eps10,TabDDPMWithMLP,QI1,16.9,,,,
4,MST_eps100,TabDDPM,QI1,18.5889,,,,
4,MST_eps100,ConditionedRePaint,QI1,13.2667,,,,
4,MST_eps100,TabDDPMWithMLP,QI1,18.2222,,,,
4,MST_eps1000,TabDDPM,QI1,18.6333,,,,
4,MST_eps1000,ConditionedRePaint,QI1,12.8444,,,,
4,MST_eps1000,TabDDPMWithMLP,QI1,17.1444,,,,
4,AIM_eps1,TabDDPM,QI1,21.6667,,,,
4,AIM_eps1,ConditionedRePaint,QI1,14.1667,,,,
4,AIM_eps1,TabDDPMWithMLP,QI1,17.1111,,,,
4,TVAE,TabDDPM,QI1,22.1889,,,,
4,TVAE,ConditionedRePaint,QI1,15.4556,,,,
4,TVAE,TabDDPMWithMLP,QI1,19.9778,,,,
4,CTGAN,TabDDPM,QI1,18.1667,,,,
4,CTGAN,ConditionedRePaint,QI1,12.7111,,,,
4,CTGAN,TabDDPMWithMLP,QI1,17.4111,,,,
4,ARF,TabDDPM,QI1,17.8889,,,,
4,ARF,ConditionedRePaint,QI1,12.5111,,,,
4,ARF,TabDDPMWithMLP,QI1,16.8556,,,,
4,TabDDPM,TabDDPM,QI1,29.1889,,,,
4,TabDDPM,ConditionedRePaint,QI1,18.6,,,,
4,TabDDPM,TabDDPMWithMLP,QI1,27.6333,,,,
4,Synthpop,TabDDPM,QI1,26.6667,,,,
4,Synthpop,ConditionedRePaint,QI1,18.1222,,,,
4,Synthpop,TabDDPMWithMLP,QI1,25.7778,,,,
4,CellSuppression,TabDDPM,QI1,27.7556,,,,
4,CellSuppression,ConditionedRePaint,QI1,17.5889,,,,
4,CellSuppression,TabDDPMWithMLP,QI1,26.4667,,,,
4,RankSwap,TabDDPM,QI1,22.7889,,,,
4,RankSwap,ConditionedRePaint,QI1,14.5444,,,,
4,RankSwap,TabDDPMWithMLP,QI1,22.6667,,,,
3,MST_eps1,TabDDPM,QI1,19.9222,,,,
3,MST_eps1,ConditionedRePaint,QI1,13.7778,,,,
3,MST_eps1,TabDDPMWithMLP,QI1,13.6778,,,,
3,MST_eps10,TabDDPM,QI1,18.5556,,,,
3,MST_eps10,ConditionedRePaint,QI1,12.6333,,,,
3,MST_eps10,TabDDPMWithMLP,QI1,15.5778,,,,
3,MST_eps100,TabDDPM,QI1,18.5667,,,,
3,MST_eps100,ConditionedRePaint,QI1,12.9222,,,,
3,MST_eps100,TabDDPMWithMLP,QI1,17.1111,,,,
3,MST_eps1000,TabDDPM,QI1,18.4333,,,,
3,MST_eps1000,ConditionedRePaint,QI1,12.3556,,,,
3,MST_eps1000,TabDDPMWithMLP,QI1,17.8889,,,,
3,AIM_eps1,TabDDPM,QI1,20.1333,,,,
3,AIM_eps1,ConditionedRePaint,QI1,13.4333,,,,
3,AIM_eps1,TabDDPMWithMLP,QI1,16.3444,,,,
3,TVAE,TabDDPM,QI1,22.6444,,,,
3,TVAE,ConditionedRePaint,QI1,16.5222,,,,
3,TVAE,TabDDPMWithMLP,QI1,20.8222,,,,
3,CTGAN,TabDDPM,QI1,18.3667,,,,
3,CTGAN,ConditionedRePaint,QI1,13.3889,,,,
3,CTGAN,TabDDPMWithMLP,QI1,17.3,,,,
3,ARF,TabDDPM,QI1,17.8667,,,,
3,ARF,ConditionedRePaint,QI1,12.5778,,,,
3,ARF,TabDDPMWithMLP,QI1,16.3889,,,,
3,TabDDPM,TabDDPM,QI1,29.1556,,,,
3,TabDDPM,ConditionedRePaint,QI1,18.8778,,,,
3,TabDDPM,TabDDPMWithMLP,QI1,28.1556,,,,
3,Synthpop,TabDDPM,QI1,26.5667,,,,
3,Synthpop,ConditionedRePaint,QI1,18.5,,,,
3,Synthpop,TabDDPMWithMLP,QI1,25.6889,,,,
3,CellSuppression,TabDDPM,QI1,28.1222,,,,
3,CellSuppression,ConditionedRePaint,QI1,18.6444,,,,
3,CellSuppression,TabDDPMWithMLP,QI1,26.9,,,,
3,RankSwap,TabDDPM,QI1,22.8111,,,,
3,RankSwap,ConditionedRePaint,QI1,15.6778,,,,
3,RankSwap,TabDDPMWithMLP,QI1,23.1889,,,,
2,MST_eps1,TabDDPM,QI1,19.5222,,,,
2,MST_eps1,ConditionedRePaint,QI1,14.3333,,,,
2,MST_eps1,TabDDPMWithMLP,QI1,14.6,,,,
2,MST_eps10,TabDDPM,QI1,18.4667,,,,
2,MST_eps10,ConditionedRePaint,QI1,13.0444,,,,
2,MST_eps10,TabDDPMWithMLP,QI1,17.4889,,,,
2,MST_eps100,TabDDPM,QI1,18.5667,,,,
2,MST_eps100,ConditionedRePaint,QI1,12.2444,,,,
2,MST_eps100,TabDDPMWithMLP,QI1,18.0667,,,,
2,MST_eps1000,TabDDPM,QI1,18.7222,,,,
2,MST_eps1000,ConditionedRePaint,QI1,12.5333,,,,
2,MST_eps1000,TabDDPMWithMLP,QI1,17.3889,,,,
2,AIM_eps1,TabDDPM,QI1,21.6444,,,,
2,AIM_eps1,ConditionedRePaint,QI1,16.6444,,,,
2,AIM_eps1,TabDDPMWithMLP,QI1,16.8222,,,,
2,TVAE,TabDDPM,QI1,22.0667,,,,
2,TVAE,ConditionedRePaint,QI1,16.3333,,,,
2,TVAE,TabDDPMWithMLP,QI1,19.8667,,,,
2,CTGAN,TabDDPM,QI1,18.2,,,,
2,CTGAN,ConditionedRePaint,QI1,13.2,,,,
2,CTGAN,TabDDPMWithMLP,QI1,16.9556,,,,
2,ARF,TabDDPM,QI1,18.6111,,,,
2,ARF,ConditionedRePaint,QI1,12.4444,,,,
2,ARF,TabDDPMWithMLP,QI1,16.4333,,,,
2,TabDDPM,TabDDPM,QI1,28.3556,,,,
2,TabDDPM,ConditionedRePaint,QI1,18.8222,,,,
2,TabDDPM,TabDDPMWithMLP,QI1,27.5111,,,,
2,Synthpop,TabDDPM,QI1,26.6556,,,,
2,Synthpop,ConditionedRePaint,QI1,17.7,,,,
2,Synthpop,TabDDPMWithMLP,QI1,26.3667,,,,
2,CellSuppression,TabDDPM,QI1,27.7,,,,
2,CellSuppression,ConditionedRePaint,QI1,19.2444,,,,
2,CellSuppression,TabDDPMWithMLP,QI1,26.3889,,,,
2,RankSwap,TabDDPM,QI1,22.8444,,,,
2,RankSwap,ConditionedRePaint,QI1,14.3444,,,,
2,RankSwap,TabDDPMWithMLP,QI1,22.8889,,,,
1,MST_eps1,TabDDPM,QI1,19.5889,,,,
1,MST_eps1,ConditionedRePaint,QI1,14.3,,,,
1,MST_eps1,TabDDPMWithMLP,QI1,14.7667,,,,
1,MST_eps10,TabDDPM,QI1,18.6444,,,,
1,MST_eps10,ConditionedRePaint,QI1,13.1111,,,,
1,MST_eps10,TabDDPMWithMLP,QI1,16.6222,,,,
1,MST_eps100,TabDDPM,QI1,18.8889,,,,
1,MST_eps100,ConditionedRePaint,QI1,12.7,,,,
1,MST_eps100,TabDDPMWithMLP,QI1,17.2778,,,,
1,MST_eps1000,TabDDPM,QI1,18.7889,,,,
1,MST_eps1000,ConditionedRePaint,QI1,12.0,,,,
1,MST_eps1000,TabDDPMWithMLP,QI1,17.8889,,,,
1,AIM_eps1,TabDDPM,QI1,21.8556,,,,
1,AIM_eps1,ConditionedRePaint,QI1,14.7556,,,,
1,AIM_eps1,TabDDPMWithMLP,QI1,14.6444,,,,
1,TVAE,TabDDPM,QI1,22.1556,,,,
1,TVAE,ConditionedRePaint,QI1,15.6778,,,,
1,TVAE,TabDDPMWithMLP,QI1,19.9222,,,,
1,CTGAN,TabDDPM,QI1,18.8667,,,,
1,CTGAN,ConditionedRePaint,QI1,13.7333,,,,
1,CTGAN,TabDDPMWithMLP,QI1,17.5556,,,,
1,ARF,TabDDPM,QI1,17.9333,,,,
1,ARF,ConditionedRePaint,QI1,13.1556,,,,
1,ARF,TabDDPMWithMLP,QI1,16.8,,,,
1,TabDDPM,TabDDPM,QI1,29.3333,,,,
1,TabDDPM,ConditionedRePaint,QI1,19.6556,,,,
1,TabDDPM,TabDDPMWithMLP,QI1,27.8889,,,,
1,Synthpop,TabDDPM,QI1,27.1222,,,,
1,Synthpop,ConditionedRePaint,QI1,19.5556,,,,
1,Synthpop,TabDDPMWithMLP,QI1,26.0111,,,,
1,CellSuppression,TabDDPM,QI1,28.2,,,,
1,CellSuppression,ConditionedRePaint,QI1,17.7222,,,,
1,CellSuppression,TabDDPMWithMLP,QI1,26.5778,,,,
1,RankSwap,TabDDPM,QI1,22.8111,,,,
1,RankSwap,ConditionedRePaint,QI1,15.2667,,,,
1,RankSwap,TabDDPMWithMLP,QI1,22.9889,,,,
0,MST_eps1,TabDDPM,QI1,20.2556,,,,
0,MST_eps1,ConditionedRePaint,QI1,14.0111,,,,
0,MST_eps1,TabDDPMWithMLP,QI1,17.0667,,,,
0,MST_eps10,TabDDPM,QI1,18.5778,,,,
0,MST_eps10,ConditionedRePaint,QI1,13.6556,,,,
0,MST_eps10,TabDDPMWithMLP,QI1,15.0444,,,,
0,MST_eps100,TabDDPM,QI1,18.7111,,,,
0,MST_eps100,ConditionedRePaint,QI1,12.3111,,,,
0,MST_eps100,TabDDPMWithMLP,QI1,18.7222,,,,
0,MST_eps1000,TabDDPM,QI1,18.9444,,,,
0,MST_eps1000,ConditionedRePaint,QI1,12.8667,,,,
0,MST_eps1000,TabDDPMWithMLP,QI1,17.4556,,,,
0,AIM_eps1,TabDDPM,QI1,20.7333,,,,
0,AIM_eps1,ConditionedRePaint,QI1,16.3111,,,,
0,AIM_eps1,TabDDPMWithMLP,QI1,14.8778,,,,
0,TVAE,TabDDPM,QI1,22.2444,,,,
0,TVAE,ConditionedRePaint,QI1,15.7,,,,
0,TVAE,TabDDPMWithMLP,QI1,19.6111,,,,
0,CTGAN,TabDDPM,QI1,18.8556,,,,
0,CTGAN,ConditionedRePaint,QI1,13.7444,,,,
0,CTGAN,TabDDPMWithMLP,QI1,17.8667,,,,
0,ARF,TabDDPM,QI1,17.8222,,,,
0,ARF,ConditionedRePaint,QI1,13.1222,,,,
0,ARF,TabDDPMWithMLP,QI1,16.3556,,,,
0,TabDDPM,TabDDPM,QI1,29.2667,,,,
0,TabDDPM,ConditionedRePaint,QI1,20.4222,,,,
0,TabDDPM,TabDDPMWithMLP,QI1,27.9556,,,,
0,Synthpop,TabDDPM,QI1,26.5333,,,,
0,Synthpop,ConditionedRePaint,QI1,18.5222,,,,
0,Synthpop,TabDDPMWithMLP,QI1,26.0111,,,,
0,CellSuppression,TabDDPM,QI1,28.2333,,,,
0,CellSuppression,ConditionedRePaint,QI1,17.9889,,,,
0,CellSuppression,TabDDPMWithMLP,QI1,26.5778,,,,
0,RankSwap,TabDDPM,QI1,22.7222,,,,
0,RankSwap,ConditionedRePaint,QI1,14.3556,,,,
0,RankSwap,TabDDPMWithMLP,QI1,23.0111,,,,
